continent,location,date,population,total_cases,new_cases,total_deaths,new_deaths
Africa,Liberia,2020-01-05,5302690,0.0,0.0,0.0,0.0
Africa,Liberia,2020-01-06,5302690,0.0,0.0,0.0,0.0
Africa,Liberia,2020-01-07,5302690,0.0,0.0,0.0,0.0
Africa,Liberia,2020-01-08,5302690,0.0,0.0,0.0,0.0
Africa,Liberia,2020-01-09,5302690,0.0,0.0,0.0,0.0
Africa,Liberia,2020-01-10,5302690,0.0,0.0,0.0,0.0
Africa,Liberia,2020-01-11,5302690,0.0,0.0,0.0,0.0
Africa,Liberia,2020-01-12,5302690,0.0,0.0,0.0,0.0
Africa,Liberia,2020-01-13,5302690,0.0,0.0,0.0,0.0
Africa,Liberia,2020-01-14,5302690,0.0,0.0,0.0,0.0
Africa,Liberia,2020-01-15,5302690,0.0,0.0,0.0,0.0
Africa,Liberia,2020-01-16,5302690,0.0,0.0,0.0,0.0
Africa,Liberia,2020-01-17,5302690,0.0,0.0,0.0,0.0
Africa,Liberia,2020-01-18,5302690,0.0,0.0,0.0,0.0
Africa,Liberia,2020-01-19,5302690,0.0,0.0,0.0,0.0
Africa,Liberia,2020-01-20,5302690,0.0,0.0,0.0,0.0
Africa,Liberia,2020-01-21,5302690,0.0,0.0,0.0,0.0
Africa,Liberia,2020-01-22,5302690,0.0,0.0,0.0,0.0
Africa,Liberia,2020-01-23,5302690,0.0,0.0,0.0,0.0
Africa,Liberia,2020-01-24,5302690,0.0,0.0,0.0,0.0
Africa,Liberia,2020-01-25,5302690,0.0,0.0,0.0,0.0
Africa,Liberia,2020-01-26,5302690,0.0,0.0,0.0,0.0
Africa,Liberia,2020-01-27,5302690,0.0,0.0,0.0,0.0
Africa,Liberia,2020-01-28,5302690,0.0,0.0,0.0,0.0
Africa,Liberia,2020-01-29,5302690,0.0,0.0,0.0,0.0
Africa,Liberia,2020-01-30,5302690,0.0,0.0,0.0,0.0
Africa,Liberia,2020-01-31,5302690,0.0,0.0,0.0,0.0
Africa,Liberia,2020-02-01,5302690,0.0,0.0,0.0,0.0
Africa,Liberia,2020-02-02,5302690,0.0,0.0,0.0,0.0
Africa,Liberia,2020-02-03,5302690,0.0,0.0,0.0,0.0
Africa,Liberia,2020-02-04,5302690,0.0,0.0,0.0,0.0
Africa,Liberia,2020-02-05,5302690,0.0,0.0,0.0,0.0
Africa,Liberia,2020-02-06,5302690,0.0,0.0,0.0,0.0
Africa,Liberia,2020-02-07,5302690,0.0,0.0,0.0,0.0
Africa,Liberia,2020-02-08,5302690,0.0,0.0,0.0,0.0
Africa,Liberia,2020-02-09,5302690,0.0,0.0,0.0,0.0
Africa,Liberia,2020-02-10,5302690,0.0,0.0,0.0,0.0
Africa,Liberia,2020-02-11,5302690,0.0,0.0,0.0,0.0
Africa,Liberia,2020-02-12,5302690,0.0,0.0,0.0,0.0
Africa,Liberia,2020-02-13,5302690,0.0,0.0,0.0,0.0
Africa,Liberia,2020-02-14,5302690,0.0,0.0,0.0,0.0
Africa,Liberia,2020-02-15,5302690,0.0,0.0,0.0,0.0
Africa,Liberia,2020-02-16,5302690,0.0,0.0,0.0,0.0
Africa,Liberia,2020-02-17,5302690,0.0,0.0,0.0,0.0
Africa,Liberia,2020-02-18,5302690,0.0,0.0,0.0,0.0
Africa,Liberia,2020-02-19,5302690,0.0,0.0,0.0,0.0
Africa,Liberia,2020-02-20,5302690,0.0,0.0,0.0,0.0
Africa,Liberia,2020-02-21,5302690,0.0,0.0,0.0,0.0
Africa,Liberia,2020-02-22,5302690,0.0,0.0,0.0,0.0
Africa,Liberia,2020-02-23,5302690,0.0,0.0,0.0,0.0
Africa,Liberia,2020-02-24,5302690,0.0,0.0,0.0,0.0
Africa,Liberia,2020-02-25,5302690,0.0,0.0,0.0,0.0
Africa,Liberia,2020-02-26,5302690,0.0,0.0,0.0,0.0
Africa,Liberia,2020-02-27,5302690,0.0,0.0,0.0,0.0
Africa,Liberia,2020-02-28,5302690,0.0,0.0,0.0,0.0
Africa,Liberia,2020-02-29,5302690,0.0,0.0,0.0,0.0
Africa,Liberia,2020-03-01,5302690,0.0,0.0,0.0,0.0
Africa,Liberia,2020-03-02,5302690,0.0,0.0,0.0,0.0
Africa,Liberia,2020-03-03,5302690,0.0,0.0,0.0,0.0
Africa,Liberia,2020-03-04,5302690,0.0,0.0,0.0,0.0
Africa,Liberia,2020-03-05,5302690,0.0,0.0,0.0,0.0
Africa,Liberia,2020-03-06,5302690,0.0,0.0,0.0,0.0
Africa,Liberia,2020-03-07,5302690,0.0,0.0,0.0,0.0
Africa,Liberia,2020-03-08,5302690,0.0,0.0,0.0,0.0
Africa,Liberia,2020-03-09,5302690,0.0,0.0,0.0,0.0
Africa,Liberia,2020-03-10,5302690,0.0,0.0,0.0,0.0
Africa,Liberia,2020-03-11,5302690,0.0,0.0,0.0,0.0
Africa,Liberia,2020-03-12,5302690,0.0,0.0,0.0,0.0
Africa,Liberia,2020-03-13,5302690,0.0,0.0,0.0,0.0
Africa,Liberia,2020-03-14,5302690,0.0,0.0,0.0,0.0
Africa,Liberia,2020-03-15,5302690,0.0,0.0,0.0,0.0
Africa,Liberia,2020-03-16,5302690,0.0,0.0,0.0,0.0
Africa,Liberia,2020-03-17,5302690,0.0,0.0,0.0,0.0
Africa,Liberia,2020-03-18,5302690,0.0,0.0,0.0,0.0
Africa,Liberia,2020-03-19,5302690,0.0,0.0,0.0,0.0
Africa,Liberia,2020-03-20,5302690,0.0,0.0,0.0,0.0
Africa,Liberia,2020-03-21,5302690,0.0,0.0,0.0,0.0
Africa,Liberia,2020-03-22,5302690,3.0,3.0,0.0,0.0
Africa,Liberia,2020-03-23,5302690,3.0,0.0,0.0,0.0
Africa,Liberia,2020-03-24,5302690,3.0,0.0,0.0,0.0
Africa,Liberia,2020-03-25,5302690,3.0,0.0,0.0,0.0
Africa,Liberia,2020-03-26,5302690,3.0,0.0,0.0,0.0
Africa,Liberia,2020-03-27,5302690,3.0,0.0,0.0,0.0
Africa,Liberia,2020-03-28,5302690,3.0,0.0,0.0,0.0
Africa,Liberia,2020-03-29,5302690,4.0,1.0,0.0,0.0
Africa,Liberia,2020-03-30,5302690,4.0,0.0,0.0,0.0
Africa,Liberia,2020-03-31,5302690,4.0,0.0,0.0,0.0
Africa,Liberia,2020-04-01,5302690,4.0,0.0,0.0,0.0
Africa,Liberia,2020-04-02,5302690,4.0,0.0,0.0,0.0
Africa,Liberia,2020-04-03,5302690,4.0,0.0,0.0,0.0
Africa,Liberia,2020-04-04,5302690,4.0,0.0,0.0,0.0
Africa,Liberia,2020-04-05,5302690,11.0,7.0,1.0,1.0
Africa,Liberia,2020-04-06,5302690,11.0,0.0,1.0,0.0
Africa,Liberia,2020-04-07,5302690,11.0,0.0,1.0,0.0
Africa,Liberia,2020-04-08,5302690,11.0,0.0,1.0,0.0
Africa,Liberia,2020-04-09,5302690,11.0,0.0,1.0,0.0
Africa,Liberia,2020-04-10,5302690,11.0,0.0,1.0,0.0
Africa,Liberia,2020-04-11,5302690,11.0,0.0,1.0,0.0
Africa,Liberia,2020-04-12,5302690,57.0,46.0,6.0,5.0
Africa,Liberia,2020-04-13,5302690,57.0,0.0,6.0,0.0
Africa,Liberia,2020-04-14,5302690,57.0,0.0,6.0,0.0
Africa,Liberia,2020-04-15,5302690,57.0,0.0,6.0,0.0
Africa,Liberia,2020-04-16,5302690,57.0,0.0,6.0,0.0
Africa,Liberia,2020-04-17,5302690,57.0,0.0,6.0,0.0
Africa,Liberia,2020-04-18,5302690,57.0,0.0,6.0,0.0
Africa,Liberia,2020-04-19,5302690,98.0,41.0,9.0,3.0
Africa,Liberia,2020-04-20,5302690,98.0,0.0,9.0,0.0
Africa,Liberia,2020-04-21,5302690,98.0,0.0,9.0,0.0
Africa,Liberia,2020-04-22,5302690,98.0,0.0,9.0,0.0
Africa,Liberia,2020-04-23,5302690,98.0,0.0,9.0,0.0
Africa,Liberia,2020-04-24,5302690,98.0,0.0,9.0,0.0
Africa,Liberia,2020-04-25,5302690,98.0,0.0,9.0,0.0
Africa,Liberia,2020-04-26,5302690,130.0,32.0,14.0,5.0
Africa,Liberia,2020-04-27,5302690,130.0,0.0,14.0,0.0
Africa,Liberia,2020-04-28,5302690,130.0,0.0,14.0,0.0
Africa,Liberia,2020-04-29,5302690,130.0,0.0,14.0,0.0
Africa,Liberia,2020-04-30,5302690,130.0,0.0,14.0,0.0
Africa,Liberia,2020-05-01,5302690,130.0,0.0,14.0,0.0
Africa,Liberia,2020-05-02,5302690,130.0,0.0,14.0,0.0
Africa,Liberia,2020-05-03,5302690,171.0,41.0,20.0,6.0
Africa,Liberia,2020-05-04,5302690,171.0,0.0,20.0,0.0
Africa,Liberia,2020-05-05,5302690,171.0,0.0,20.0,0.0
Africa,Liberia,2020-05-06,5302690,171.0,0.0,20.0,0.0
Africa,Liberia,2020-05-07,5302690,171.0,0.0,20.0,0.0
Africa,Liberia,2020-05-08,5302690,171.0,0.0,20.0,0.0
Africa,Liberia,2020-05-09,5302690,171.0,0.0,20.0,0.0
Africa,Liberia,2020-05-10,5302690,215.0,44.0,22.0,2.0
Africa,Liberia,2020-05-11,5302690,215.0,0.0,22.0,0.0
Africa,Liberia,2020-05-12,5302690,215.0,0.0,22.0,0.0
Africa,Liberia,2020-05-13,5302690,215.0,0.0,22.0,0.0
Africa,Liberia,2020-05-14,5302690,215.0,0.0,22.0,0.0
Africa,Liberia,2020-05-15,5302690,215.0,0.0,22.0,0.0
Africa,Liberia,2020-05-16,5302690,215.0,0.0,22.0,0.0
Africa,Liberia,2020-05-17,5302690,237.0,22.0,23.0,1.0
Africa,Liberia,2020-05-18,5302690,237.0,0.0,23.0,0.0
Africa,Liberia,2020-05-19,5302690,237.0,0.0,23.0,0.0
Africa,Liberia,2020-05-20,5302690,237.0,0.0,23.0,0.0
Africa,Liberia,2020-05-21,5302690,237.0,0.0,23.0,0.0
Africa,Liberia,2020-05-22,5302690,237.0,0.0,23.0,0.0
Africa,Liberia,2020-05-23,5302690,237.0,0.0,23.0,0.0
Africa,Liberia,2020-05-24,5302690,270.0,33.0,28.0,5.0
Africa,Liberia,2020-05-25,5302690,270.0,0.0,28.0,0.0
Africa,Liberia,2020-05-26,5302690,270.0,0.0,28.0,0.0
Africa,Liberia,2020-05-27,5302690,270.0,0.0,28.0,0.0
Africa,Liberia,2020-05-28,5302690,270.0,0.0,28.0,0.0
Africa,Liberia,2020-05-29,5302690,270.0,0.0,28.0,0.0
Africa,Liberia,2020-05-30,5302690,270.0,0.0,28.0,0.0
Africa,Liberia,2020-05-31,5302690,294.0,24.0,30.0,2.0
Africa,Liberia,2020-06-01,5302690,294.0,0.0,30.0,0.0
Africa,Liberia,2020-06-02,5302690,294.0,0.0,30.0,0.0
Africa,Liberia,2020-06-03,5302690,294.0,0.0,30.0,0.0
Africa,Liberia,2020-06-04,5302690,294.0,0.0,30.0,0.0
Africa,Liberia,2020-06-05,5302690,294.0,0.0,30.0,0.0
Africa,Liberia,2020-06-06,5302690,294.0,0.0,30.0,0.0
Africa,Liberia,2020-06-07,5302690,364.0,70.0,33.0,3.0
Africa,Liberia,2020-06-08,5302690,364.0,0.0,33.0,0.0
Africa,Liberia,2020-06-09,5302690,364.0,0.0,33.0,0.0
Africa,Liberia,2020-06-10,5302690,364.0,0.0,33.0,0.0
Africa,Liberia,2020-06-11,5302690,364.0,0.0,33.0,0.0
Africa,Liberia,2020-06-12,5302690,364.0,0.0,33.0,0.0
Africa,Liberia,2020-06-13,5302690,364.0,0.0,33.0,0.0
Africa,Liberia,2020-06-14,5302690,463.0,99.0,35.0,2.0
Africa,Liberia,2020-06-15,5302690,463.0,0.0,35.0,0.0
Africa,Liberia,2020-06-16,5302690,463.0,0.0,35.0,0.0
Africa,Liberia,2020-06-17,5302690,463.0,0.0,35.0,0.0
Africa,Liberia,2020-06-18,5302690,463.0,0.0,35.0,0.0
Africa,Liberia,2020-06-19,5302690,463.0,0.0,35.0,0.0
Africa,Liberia,2020-06-20,5302690,463.0,0.0,35.0,0.0
Africa,Liberia,2020-06-21,5302690,631.0,168.0,37.0,2.0
Africa,Liberia,2020-06-22,5302690,631.0,0.0,37.0,0.0
Africa,Liberia,2020-06-23,5302690,631.0,0.0,37.0,0.0
Africa,Liberia,2020-06-24,5302690,631.0,0.0,37.0,0.0
Africa,Liberia,2020-06-25,5302690,631.0,0.0,37.0,0.0
Africa,Liberia,2020-06-26,5302690,631.0,0.0,37.0,0.0
Africa,Liberia,2020-06-27,5302690,631.0,0.0,37.0,0.0
Africa,Liberia,2020-06-28,5302690,768.0,137.0,37.0,0.0
Africa,Liberia,2020-06-29,5302690,768.0,0.0,37.0,0.0
Africa,Liberia,2020-06-30,5302690,768.0,0.0,37.0,0.0
Africa,Liberia,2020-07-01,5302690,768.0,0.0,37.0,0.0
Africa,Liberia,2020-07-02,5302690,768.0,0.0,37.0,0.0
Africa,Liberia,2020-07-03,5302690,768.0,0.0,37.0,0.0
Africa,Liberia,2020-07-04,5302690,768.0,0.0,37.0,0.0
Africa,Liberia,2020-07-05,5302690,871.0,103.0,40.0,3.0
Africa,Liberia,2020-07-06,5302690,871.0,0.0,40.0,0.0
Africa,Liberia,2020-07-07,5302690,871.0,0.0,40.0,0.0
Africa,Liberia,2020-07-08,5302690,871.0,0.0,40.0,0.0
Africa,Liberia,2020-07-09,5302690,871.0,0.0,40.0,0.0
Africa,Liberia,2020-07-10,5302690,871.0,0.0,40.0,0.0
Africa,Liberia,2020-07-11,5302690,871.0,0.0,40.0,0.0
Africa,Liberia,2020-07-12,5302690,1007.0,136.0,55.0,15.0
Africa,Liberia,2020-07-13,5302690,1007.0,0.0,55.0,0.0
Africa,Liberia,2020-07-14,5302690,1007.0,0.0,55.0,0.0
Africa,Liberia,2020-07-15,5302690,1007.0,0.0,55.0,0.0
Africa,Liberia,2020-07-16,5302690,1007.0,0.0,55.0,0.0
Africa,Liberia,2020-07-17,5302690,1007.0,0.0,55.0,0.0
Africa,Liberia,2020-07-18,5302690,1007.0,0.0,55.0,0.0
Africa,Liberia,2020-07-19,5302690,1088.0,81.0,74.0,19.0
Africa,Liberia,2020-07-20,5302690,1088.0,0.0,74.0,0.0
Africa,Liberia,2020-07-21,5302690,1088.0,0.0,74.0,0.0
Africa,Liberia,2020-07-22,5302690,1088.0,0.0,74.0,0.0
Africa,Liberia,2020-07-23,5302690,1088.0,0.0,74.0,0.0
Africa,Liberia,2020-07-24,5302690,1088.0,0.0,74.0,0.0
Africa,Liberia,2020-07-25,5302690,1088.0,0.0,74.0,0.0
Africa,Liberia,2020-07-26,5302690,1152.0,64.0,77.0,3.0
Africa,Liberia,2020-07-27,5302690,1152.0,0.0,77.0,0.0
Africa,Liberia,2020-07-28,5302690,1152.0,0.0,77.0,0.0
Africa,Liberia,2020-07-29,5302690,1152.0,0.0,77.0,0.0
Africa,Liberia,2020-07-30,5302690,1152.0,0.0,77.0,0.0
Africa,Liberia,2020-07-31,5302690,1152.0,0.0,77.0,0.0
Africa,Liberia,2020-08-01,5302690,1152.0,0.0,77.0,0.0
Africa,Liberia,2020-08-02,5302690,1204.0,52.0,83.0,6.0
Africa,Liberia,2020-08-03,5302690,1204.0,0.0,83.0,0.0
Africa,Liberia,2020-08-04,5302690,1204.0,0.0,83.0,0.0
Africa,Liberia,2020-08-05,5302690,1204.0,0.0,83.0,0.0
Africa,Liberia,2020-08-06,5302690,1204.0,0.0,83.0,0.0
Africa,Liberia,2020-08-07,5302690,1204.0,0.0,83.0,0.0
Africa,Liberia,2020-08-08,5302690,1204.0,0.0,83.0,0.0
Africa,Liberia,2020-08-09,5302690,1235.0,31.0,85.0,2.0
Africa,Liberia,2020-08-10,5302690,1235.0,0.0,85.0,0.0
Africa,Liberia,2020-08-11,5302690,1235.0,0.0,85.0,0.0
Africa,Liberia,2020-08-12,5302690,1235.0,0.0,85.0,0.0
Africa,Liberia,2020-08-13,5302690,1235.0,0.0,85.0,0.0
Africa,Liberia,2020-08-14,5302690,1235.0,0.0,85.0,0.0
Africa,Liberia,2020-08-15,5302690,1235.0,0.0,85.0,0.0
Africa,Liberia,2020-08-16,5302690,1284.0,49.0,88.0,3.0
Africa,Liberia,2020-08-17,5302690,1284.0,0.0,88.0,0.0
Africa,Liberia,2020-08-18,5302690,1284.0,0.0,88.0,0.0
Africa,Liberia,2020-08-19,5302690,1284.0,0.0,88.0,0.0
Africa,Liberia,2020-08-20,5302690,1284.0,0.0,88.0,0.0
Africa,Liberia,2020-08-21,5302690,1284.0,0.0,88.0,0.0
Africa,Liberia,2020-08-22,5302690,1284.0,0.0,88.0,0.0
Africa,Liberia,2020-08-23,5302690,1305.0,21.0,88.0,0.0
Africa,Liberia,2020-08-24,5302690,1305.0,0.0,88.0,0.0
Africa,Liberia,2020-08-25,5302690,1305.0,0.0,88.0,0.0
Africa,Liberia,2020-08-26,5302690,1305.0,0.0,88.0,0.0
Africa,Liberia,2020-08-27,5302690,1305.0,0.0,88.0,0.0
Africa,Liberia,2020-08-28,5302690,1305.0,0.0,88.0,0.0
Africa,Liberia,2020-08-29,5302690,1305.0,0.0,88.0,0.0
Africa,Liberia,2020-08-30,5302690,1325.0,20.0,88.0,0.0
Africa,Liberia,2020-08-31,5302690,1325.0,0.0,88.0,0.0
Africa,Liberia,2020-09-01,5302690,1325.0,0.0,88.0,0.0
Africa,Liberia,2020-09-02,5302690,1325.0,0.0,88.0,0.0
Africa,Liberia,2020-09-03,5302690,1325.0,0.0,88.0,0.0
Africa,Liberia,2020-09-04,5302690,1325.0,0.0,88.0,0.0
Africa,Liberia,2020-09-05,5302690,1325.0,0.0,88.0,0.0
Africa,Liberia,2020-09-06,5302690,1328.0,3.0,88.0,0.0
Africa,Liberia,2020-09-07,5302690,1328.0,0.0,88.0,0.0
Africa,Liberia,2020-09-08,5302690,1328.0,0.0,88.0,0.0
Africa,Liberia,2020-09-09,5302690,1328.0,0.0,88.0,0.0
Africa,Liberia,2020-09-10,5302690,1328.0,0.0,88.0,0.0
Africa,Liberia,2020-09-11,5302690,1328.0,0.0,88.0,0.0
Africa,Liberia,2020-09-12,5302690,1328.0,0.0,88.0,0.0
Africa,Liberia,2020-09-13,5302690,1346.0,18.0,88.0,0.0
Africa,Liberia,2020-09-14,5302690,1346.0,0.0,88.0,0.0
Africa,Liberia,2020-09-15,5302690,1346.0,0.0,88.0,0.0
Africa,Liberia,2020-09-16,5302690,1346.0,0.0,88.0,0.0
Africa,Liberia,2020-09-17,5302690,1346.0,0.0,88.0,0.0
Africa,Liberia,2020-09-18,5302690,1346.0,0.0,88.0,0.0
Africa,Liberia,2020-09-19,5302690,1346.0,0.0,88.0,0.0
Africa,Liberia,2020-09-20,5302690,1363.0,17.0,88.0,0.0
Africa,Liberia,2020-09-21,5302690,1363.0,0.0,88.0,0.0
Africa,Liberia,2020-09-22,5302690,1363.0,0.0,88.0,0.0
Africa,Liberia,2020-09-23,5302690,1363.0,0.0,88.0,0.0
Africa,Liberia,2020-09-24,5302690,1363.0,0.0,88.0,0.0
Africa,Liberia,2020-09-25,5302690,1363.0,0.0,88.0,0.0
Africa,Liberia,2020-09-26,5302690,1363.0,0.0,88.0,0.0
Africa,Liberia,2020-09-27,5302690,1366.0,3.0,88.0,0.0
Africa,Liberia,2020-09-28,5302690,1366.0,0.0,88.0,0.0
Africa,Liberia,2020-09-29,5302690,1366.0,0.0,88.0,0.0
Africa,Liberia,2020-09-30,5302690,1366.0,0.0,88.0,0.0
Africa,Liberia,2020-10-01,5302690,1366.0,0.0,88.0,0.0
Africa,Liberia,2020-10-02,5302690,1366.0,0.0,88.0,0.0
Africa,Liberia,2020-10-03,5302690,1366.0,0.0,88.0,0.0
Africa,Liberia,2020-10-04,5302690,1375.0,9.0,88.0,0.0
Africa,Liberia,2020-10-05,5302690,1375.0,0.0,88.0,0.0
Africa,Liberia,2020-10-06,5302690,1375.0,0.0,88.0,0.0
Africa,Liberia,2020-10-07,5302690,1375.0,0.0,88.0,0.0
Africa,Liberia,2020-10-08,5302690,1375.0,0.0,88.0,0.0
Africa,Liberia,2020-10-09,5302690,1375.0,0.0,88.0,0.0
Africa,Liberia,2020-10-10,5302690,1375.0,0.0,88.0,0.0
Africa,Liberia,2020-10-11,5302690,1397.0,22.0,88.0,0.0
Africa,Liberia,2020-10-12,5302690,1397.0,0.0,88.0,0.0
Africa,Liberia,2020-10-13,5302690,1397.0,0.0,88.0,0.0
Africa,Liberia,2020-10-14,5302690,1397.0,0.0,88.0,0.0
Africa,Liberia,2020-10-15,5302690,1397.0,0.0,88.0,0.0
Africa,Liberia,2020-10-16,5302690,1397.0,0.0,88.0,0.0
Africa,Liberia,2020-10-17,5302690,1397.0,0.0,88.0,0.0
Africa,Liberia,2020-10-18,5302690,1407.0,10.0,88.0,0.0
Africa,Liberia,2020-10-19,5302690,1407.0,0.0,88.0,0.0
Africa,Liberia,2020-10-20,5302690,1407.0,0.0,88.0,0.0
Africa,Liberia,2020-10-21,5302690,1407.0,0.0,88.0,0.0
Africa,Liberia,2020-10-22,5302690,1407.0,0.0,88.0,0.0
Africa,Liberia,2020-10-23,5302690,1407.0,0.0,88.0,0.0
Africa,Liberia,2020-10-24,5302690,1407.0,0.0,88.0,0.0
Africa,Liberia,2020-10-25,5302690,1422.0,15.0,88.0,0.0
Africa,Liberia,2020-10-26,5302690,1422.0,0.0,88.0,0.0
Africa,Liberia,2020-10-27,5302690,1422.0,0.0,88.0,0.0
Africa,Liberia,2020-10-28,5302690,1422.0,0.0,88.0,0.0
Africa,Liberia,2020-10-29,5302690,1422.0,0.0,88.0,0.0
Africa,Liberia,2020-10-30,5302690,1422.0,0.0,88.0,0.0
Africa,Liberia,2020-10-31,5302690,1422.0,0.0,88.0,0.0
Africa,Liberia,2020-11-01,5302690,1461.0,39.0,88.0,0.0
Africa,Liberia,2020-11-02,5302690,1461.0,0.0,88.0,0.0
Africa,Liberia,2020-11-03,5302690,1461.0,0.0,88.0,0.0
Africa,Liberia,2020-11-04,5302690,1461.0,0.0,88.0,0.0
Africa,Liberia,2020-11-05,5302690,1461.0,0.0,88.0,0.0
Africa,Liberia,2020-11-06,5302690,1461.0,0.0,88.0,0.0
Africa,Liberia,2020-11-07,5302690,1461.0,0.0,88.0,0.0
Africa,Liberia,2020-11-08,5302690,1475.0,14.0,88.0,0.0
Africa,Liberia,2020-11-09,5302690,1475.0,0.0,88.0,0.0
Africa,Liberia,2020-11-10,5302690,1475.0,0.0,88.0,0.0
Africa,Liberia,2020-11-11,5302690,1475.0,0.0,88.0,0.0
Africa,Liberia,2020-11-12,5302690,1475.0,0.0,88.0,0.0
Africa,Liberia,2020-11-13,5302690,1475.0,0.0,88.0,0.0
Africa,Liberia,2020-11-14,5302690,1475.0,0.0,88.0,0.0
Africa,Liberia,2020-11-15,5302690,1534.0,59.0,88.0,0.0
Africa,Liberia,2020-11-16,5302690,1534.0,0.0,88.0,0.0
Africa,Liberia,2020-11-17,5302690,1534.0,0.0,88.0,0.0
Africa,Liberia,2020-11-18,5302690,1534.0,0.0,88.0,0.0
Africa,Liberia,2020-11-19,5302690,1534.0,0.0,88.0,0.0
Africa,Liberia,2020-11-20,5302690,1534.0,0.0,88.0,0.0
Africa,Liberia,2020-11-21,5302690,1534.0,0.0,88.0,0.0
Africa,Liberia,2020-11-22,5302690,1585.0,51.0,88.0,0.0
Africa,Liberia,2020-11-23,5302690,1585.0,0.0,88.0,0.0
Africa,Liberia,2020-11-24,5302690,1585.0,0.0,88.0,0.0
Africa,Liberia,2020-11-25,5302690,1585.0,0.0,88.0,0.0
Africa,Liberia,2020-11-26,5302690,1585.0,0.0,88.0,0.0
Africa,Liberia,2020-11-27,5302690,1585.0,0.0,88.0,0.0
Africa,Liberia,2020-11-28,5302690,1585.0,0.0,88.0,0.0
Africa,Liberia,2020-11-29,5302690,1619.0,34.0,89.0,1.0
Africa,Liberia,2020-11-30,5302690,1619.0,0.0,89.0,0.0
Africa,Liberia,2020-12-01,5302690,1619.0,0.0,89.0,0.0
Africa,Liberia,2020-12-02,5302690,1619.0,0.0,89.0,0.0
Africa,Liberia,2020-12-03,5302690,1619.0,0.0,89.0,0.0
Africa,Liberia,2020-12-04,5302690,1619.0,0.0,89.0,0.0
Africa,Liberia,2020-12-05,5302690,1619.0,0.0,89.0,0.0
Africa,Liberia,2020-12-06,5302690,1725.0,106.0,89.0,0.0
Africa,Liberia,2020-12-07,5302690,1725.0,0.0,89.0,0.0
Africa,Liberia,2020-12-08,5302690,1725.0,0.0,89.0,0.0
Africa,Liberia,2020-12-09,5302690,1725.0,0.0,89.0,0.0
Africa,Liberia,2020-12-10,5302690,1725.0,0.0,89.0,0.0
Africa,Liberia,2020-12-11,5302690,1725.0,0.0,89.0,0.0
Africa,Liberia,2020-12-12,5302690,1725.0,0.0,89.0,0.0
Africa,Liberia,2020-12-13,5302690,1792.0,67.0,89.0,0.0
Africa,Liberia,2020-12-14,5302690,1792.0,0.0,89.0,0.0
Africa,Liberia,2020-12-15,5302690,1792.0,0.0,89.0,0.0
Africa,Liberia,2020-12-16,5302690,1792.0,0.0,89.0,0.0
Africa,Liberia,2020-12-17,5302690,1792.0,0.0,89.0,0.0
Africa,Liberia,2020-12-18,5302690,1792.0,0.0,89.0,0.0
Africa,Liberia,2020-12-19,5302690,1792.0,0.0,89.0,0.0
Africa,Liberia,2020-12-20,5302690,1809.0,17.0,89.0,0.0
Africa,Liberia,2020-12-21,5302690,1809.0,0.0,89.0,0.0
Africa,Liberia,2020-12-22,5302690,1809.0,0.0,89.0,0.0
Africa,Liberia,2020-12-23,5302690,1809.0,0.0,89.0,0.0
Africa,Liberia,2020-12-24,5302690,1809.0,0.0,89.0,0.0
Africa,Liberia,2020-12-25,5302690,1809.0,0.0,89.0,0.0
Africa,Liberia,2020-12-26,5302690,1809.0,0.0,89.0,0.0
Africa,Liberia,2020-12-27,5302690,1821.0,12.0,89.0,0.0
Africa,Liberia,2020-12-28,5302690,1821.0,0.0,89.0,0.0
Africa,Liberia,2020-12-29,5302690,1821.0,0.0,89.0,0.0
Africa,Liberia,2020-12-30,5302690,1821.0,0.0,89.0,0.0
Africa,Liberia,2020-12-31,5302690,1821.0,0.0,89.0,0.0
Africa,Liberia,2021-01-01,5302690,1821.0,0.0,89.0,0.0
Africa,Liberia,2021-01-02,5302690,1821.0,0.0,89.0,0.0
Africa,Liberia,2021-01-03,5302690,1856.0,35.0,89.0,0.0
Africa,Liberia,2021-01-04,5302690,1856.0,0.0,89.0,0.0
Africa,Liberia,2021-01-05,5302690,1856.0,0.0,89.0,0.0
Africa,Liberia,2021-01-06,5302690,1856.0,0.0,89.0,0.0
Africa,Liberia,2021-01-07,5302690,1856.0,0.0,89.0,0.0
Africa,Liberia,2021-01-08,5302690,1856.0,0.0,89.0,0.0
Africa,Liberia,2021-01-09,5302690,1856.0,0.0,89.0,0.0
Africa,Liberia,2021-01-10,5302690,1880.0,24.0,89.0,0.0
Africa,Liberia,2021-01-11,5302690,1880.0,0.0,89.0,0.0
Africa,Liberia,2021-01-12,5302690,1880.0,0.0,89.0,0.0
Africa,Liberia,2021-01-13,5302690,1880.0,0.0,89.0,0.0
Africa,Liberia,2021-01-14,5302690,1880.0,0.0,89.0,0.0
Africa,Liberia,2021-01-15,5302690,1880.0,0.0,89.0,0.0
Africa,Liberia,2021-01-16,5302690,1880.0,0.0,89.0,0.0
Africa,Liberia,2021-01-17,5302690,1906.0,26.0,89.0,0.0
Africa,Liberia,2021-01-18,5302690,1906.0,0.0,89.0,0.0
Africa,Liberia,2021-01-19,5302690,1906.0,0.0,89.0,0.0
Africa,Liberia,2021-01-20,5302690,1906.0,0.0,89.0,0.0
Africa,Liberia,2021-01-21,5302690,1906.0,0.0,89.0,0.0
Africa,Liberia,2021-01-22,5302690,1906.0,0.0,89.0,0.0
Africa,Liberia,2021-01-23,5302690,1906.0,0.0,89.0,0.0
Africa,Liberia,2021-01-24,5302690,1925.0,19.0,89.0,0.0
Africa,Liberia,2021-01-25,5302690,1925.0,0.0,89.0,0.0
Africa,Liberia,2021-01-26,5302690,1925.0,0.0,89.0,0.0
Africa,Liberia,2021-01-27,5302690,1925.0,0.0,89.0,0.0
Africa,Liberia,2021-01-28,5302690,1925.0,0.0,89.0,0.0
Africa,Liberia,2021-01-29,5302690,1925.0,0.0,89.0,0.0
Africa,Liberia,2021-01-30,5302690,1925.0,0.0,89.0,0.0
Africa,Liberia,2021-01-31,5302690,1954.0,29.0,89.0,0.0
Africa,Liberia,2021-02-01,5302690,1954.0,0.0,89.0,0.0
Africa,Liberia,2021-02-02,5302690,1954.0,0.0,89.0,0.0
Africa,Liberia,2021-02-03,5302690,1954.0,0.0,89.0,0.0
Africa,Liberia,2021-02-04,5302690,1954.0,0.0,89.0,0.0
Africa,Liberia,2021-02-05,5302690,1954.0,0.0,89.0,0.0
Africa,Liberia,2021-02-06,5302690,1954.0,0.0,89.0,0.0
Africa,Liberia,2021-02-07,5302690,1977.0,23.0,89.0,0.0
Africa,Liberia,2021-02-08,5302690,1977.0,0.0,89.0,0.0
Africa,Liberia,2021-02-09,5302690,1977.0,0.0,89.0,0.0
Africa,Liberia,2021-02-10,5302690,1977.0,0.0,89.0,0.0
Africa,Liberia,2021-02-11,5302690,1977.0,0.0,89.0,0.0
Africa,Liberia,2021-02-12,5302690,1977.0,0.0,89.0,0.0
Africa,Liberia,2021-02-13,5302690,1977.0,0.0,89.0,0.0
Africa,Liberia,2021-02-14,5302690,1993.0,16.0,91.0,2.0
Africa,Liberia,2021-02-15,5302690,1993.0,0.0,91.0,0.0
Africa,Liberia,2021-02-16,5302690,1993.0,0.0,91.0,0.0
Africa,Liberia,2021-02-17,5302690,1993.0,0.0,91.0,0.0
Africa,Liberia,2021-02-18,5302690,1993.0,0.0,91.0,0.0
Africa,Liberia,2021-02-19,5302690,1993.0,0.0,91.0,0.0
Africa,Liberia,2021-02-20,5302690,1993.0,0.0,91.0,0.0
Africa,Liberia,2021-02-21,5302690,2004.0,11.0,91.0,0.0
Africa,Liberia,2021-02-22,5302690,2004.0,0.0,91.0,0.0
Africa,Liberia,2021-02-23,5302690,2004.0,0.0,91.0,0.0
Africa,Liberia,2021-02-24,5302690,2004.0,0.0,91.0,0.0
Africa,Liberia,2021-02-25,5302690,2004.0,0.0,91.0,0.0
Africa,Liberia,2021-02-26,5302690,2004.0,0.0,91.0,0.0
Africa,Liberia,2021-02-27,5302690,2004.0,0.0,91.0,0.0
Africa,Liberia,2021-02-28,5302690,2023.0,19.0,91.0,0.0
Africa,Liberia,2021-03-01,5302690,2023.0,0.0,91.0,0.0
Africa,Liberia,2021-03-02,5302690,2023.0,0.0,91.0,0.0
Africa,Liberia,2021-03-03,5302690,2023.0,0.0,91.0,0.0
Africa,Liberia,2021-03-04,5302690,2023.0,0.0,91.0,0.0
Africa,Liberia,2021-03-05,5302690,2023.0,0.0,91.0,0.0
Africa,Liberia,2021-03-06,5302690,2023.0,0.0,91.0,0.0
Africa,Liberia,2021-03-07,5302690,2035.0,12.0,91.0,0.0
Africa,Liberia,2021-03-08,5302690,2035.0,0.0,91.0,0.0
Africa,Liberia,2021-03-09,5302690,2035.0,0.0,91.0,0.0
Africa,Liberia,2021-03-10,5302690,2035.0,0.0,91.0,0.0
Africa,Liberia,2021-03-11,5302690,2035.0,0.0,91.0,0.0
Africa,Liberia,2021-03-12,5302690,2035.0,0.0,91.0,0.0
Africa,Liberia,2021-03-13,5302690,2035.0,0.0,91.0,0.0
Africa,Liberia,2021-03-14,5302690,2045.0,10.0,91.0,0.0
Africa,Liberia,2021-03-15,5302690,2045.0,0.0,91.0,0.0
Africa,Liberia,2021-03-16,5302690,2045.0,0.0,91.0,0.0
Africa,Liberia,2021-03-17,5302690,2045.0,0.0,91.0,0.0
Africa,Liberia,2021-03-18,5302690,2045.0,0.0,91.0,0.0
Africa,Liberia,2021-03-19,5302690,2045.0,0.0,91.0,0.0
Africa,Liberia,2021-03-20,5302690,2045.0,0.0,91.0,0.0
Africa,Liberia,2021-03-21,5302690,2054.0,9.0,91.0,0.0
Africa,Liberia,2021-03-22,5302690,2054.0,0.0,91.0,0.0
Africa,Liberia,2021-03-23,5302690,2054.0,0.0,91.0,0.0
Africa,Liberia,2021-03-24,5302690,2054.0,0.0,91.0,0.0
Africa,Liberia,2021-03-25,5302690,2054.0,0.0,91.0,0.0
Africa,Liberia,2021-03-26,5302690,2054.0,0.0,91.0,0.0
Africa,Liberia,2021-03-27,5302690,2054.0,0.0,91.0,0.0
Africa,Liberia,2021-03-28,5302690,2066.0,12.0,91.0,0.0
Africa,Liberia,2021-03-29,5302690,2066.0,0.0,91.0,0.0
Africa,Liberia,2021-03-30,5302690,2066.0,0.0,91.0,0.0
Africa,Liberia,2021-03-31,5302690,2066.0,0.0,91.0,0.0
Africa,Liberia,2021-04-01,5302690,2066.0,0.0,91.0,0.0
Africa,Liberia,2021-04-02,5302690,2066.0,0.0,91.0,0.0
Africa,Liberia,2021-04-03,5302690,2066.0,0.0,91.0,0.0
Africa,Liberia,2021-04-04,5302690,2070.0,4.0,91.0,0.0
Africa,Liberia,2021-04-05,5302690,2070.0,0.0,91.0,0.0
Africa,Liberia,2021-04-06,5302690,2070.0,0.0,91.0,0.0
Africa,Liberia,2021-04-07,5302690,2070.0,0.0,91.0,0.0
Africa,Liberia,2021-04-08,5302690,2070.0,0.0,91.0,0.0
Africa,Liberia,2021-04-09,5302690,2070.0,0.0,91.0,0.0
Africa,Liberia,2021-04-10,5302690,2070.0,0.0,91.0,0.0
Africa,Liberia,2021-04-11,5302690,2076.0,6.0,91.0,0.0
Africa,Liberia,2021-04-12,5302690,2076.0,0.0,91.0,0.0
Africa,Liberia,2021-04-13,5302690,2076.0,0.0,91.0,0.0
Africa,Liberia,2021-04-14,5302690,2076.0,0.0,91.0,0.0
Africa,Liberia,2021-04-15,5302690,2076.0,0.0,91.0,0.0
Africa,Liberia,2021-04-16,5302690,2076.0,0.0,91.0,0.0
Africa,Liberia,2021-04-17,5302690,2076.0,0.0,91.0,0.0
Africa,Liberia,2021-04-18,5302690,2092.0,16.0,91.0,0.0
Africa,Liberia,2021-04-19,5302690,2092.0,0.0,91.0,0.0
Africa,Liberia,2021-04-20,5302690,2092.0,0.0,91.0,0.0
Africa,Liberia,2021-04-21,5302690,2092.0,0.0,91.0,0.0
Africa,Liberia,2021-04-22,5302690,2092.0,0.0,91.0,0.0
Africa,Liberia,2021-04-23,5302690,2092.0,0.0,91.0,0.0
Africa,Liberia,2021-04-24,5302690,2092.0,0.0,91.0,0.0
Africa,Liberia,2021-04-25,5302690,2107.0,15.0,91.0,0.0
Africa,Liberia,2021-04-26,5302690,2107.0,0.0,91.0,0.0
Africa,Liberia,2021-04-27,5302690,2107.0,0.0,91.0,0.0
Africa,Liberia,2021-04-28,5302690,2107.0,0.0,91.0,0.0
Africa,Liberia,2021-04-29,5302690,2107.0,0.0,91.0,0.0
Africa,Liberia,2021-04-30,5302690,2107.0,0.0,91.0,0.0
Africa,Liberia,2021-05-01,5302690,2107.0,0.0,91.0,0.0
Africa,Liberia,2021-05-02,5302690,2117.0,10.0,91.0,0.0
Africa,Liberia,2021-05-03,5302690,2117.0,0.0,91.0,0.0
Africa,Liberia,2021-05-04,5302690,2117.0,0.0,91.0,0.0
Africa,Liberia,2021-05-05,5302690,2117.0,0.0,91.0,0.0
Africa,Liberia,2021-05-06,5302690,2117.0,0.0,91.0,0.0
Africa,Liberia,2021-05-07,5302690,2117.0,0.0,91.0,0.0
Africa,Liberia,2021-05-08,5302690,2117.0,0.0,91.0,0.0
Africa,Liberia,2021-05-09,5302690,2128.0,11.0,91.0,0.0
Africa,Liberia,2021-05-10,5302690,2128.0,0.0,91.0,0.0
Africa,Liberia,2021-05-11,5302690,2128.0,0.0,91.0,0.0
Africa,Liberia,2021-05-12,5302690,2128.0,0.0,91.0,0.0
Africa,Liberia,2021-05-13,5302690,2128.0,0.0,91.0,0.0
Africa,Liberia,2021-05-14,5302690,2128.0,0.0,91.0,0.0
Africa,Liberia,2021-05-15,5302690,2128.0,0.0,91.0,0.0
Africa,Liberia,2021-05-16,5302690,2141.0,13.0,91.0,0.0
Africa,Liberia,2021-05-17,5302690,2141.0,0.0,91.0,0.0
Africa,Liberia,2021-05-18,5302690,2141.0,0.0,91.0,0.0
Africa,Liberia,2021-05-19,5302690,2141.0,0.0,91.0,0.0
Africa,Liberia,2021-05-20,5302690,2141.0,0.0,91.0,0.0
Africa,Liberia,2021-05-21,5302690,2141.0,0.0,91.0,0.0
Africa,Liberia,2021-05-22,5302690,2141.0,0.0,91.0,0.0
Africa,Liberia,2021-05-23,5302690,2168.0,27.0,92.0,1.0
Africa,Liberia,2021-05-24,5302690,2168.0,0.0,92.0,0.0
Africa,Liberia,2021-05-25,5302690,2168.0,0.0,92.0,0.0
Africa,Liberia,2021-05-26,5302690,2168.0,0.0,92.0,0.0
Africa,Liberia,2021-05-27,5302690,2168.0,0.0,92.0,0.0
Africa,Liberia,2021-05-28,5302690,2168.0,0.0,92.0,0.0
Africa,Liberia,2021-05-29,5302690,2168.0,0.0,92.0,0.0
Africa,Liberia,2021-05-30,5302690,2204.0,36.0,92.0,0.0
Africa,Liberia,2021-05-31,5302690,2204.0,0.0,92.0,0.0
Africa,Liberia,2021-06-01,5302690,2204.0,0.0,92.0,0.0
Africa,Liberia,2021-06-02,5302690,2204.0,0.0,92.0,0.0
Africa,Liberia,2021-06-03,5302690,2204.0,0.0,92.0,0.0
Africa,Liberia,2021-06-04,5302690,2204.0,0.0,92.0,0.0
Africa,Liberia,2021-06-05,5302690,2204.0,0.0,92.0,0.0
Africa,Liberia,2021-06-06,5302690,2314.0,110.0,95.0,3.0
Africa,Liberia,2021-06-07,5302690,2314.0,0.0,95.0,0.0
Africa,Liberia,2021-06-08,5302690,2314.0,0.0,95.0,0.0
Africa,Liberia,2021-06-09,5302690,2314.0,0.0,95.0,0.0
Africa,Liberia,2021-06-10,5302690,2314.0,0.0,95.0,0.0
Africa,Liberia,2021-06-11,5302690,2314.0,0.0,95.0,0.0
Africa,Liberia,2021-06-12,5302690,2314.0,0.0,95.0,0.0
Africa,Liberia,2021-06-13,5302690,2579.0,265.0,110.0,15.0
Africa,Liberia,2021-06-14,5302690,2579.0,0.0,110.0,0.0
Africa,Liberia,2021-06-15,5302690,2579.0,0.0,110.0,0.0
Africa,Liberia,2021-06-16,5302690,2579.0,0.0,110.0,0.0
Africa,Liberia,2021-06-17,5302690,2579.0,0.0,110.0,0.0
Africa,Liberia,2021-06-18,5302690,2579.0,0.0,110.0,0.0
Africa,Liberia,2021-06-19,5302690,2579.0,0.0,110.0,0.0
Africa,Liberia,2021-06-20,5302690,3088.0,509.0,138.0,28.0
Africa,Liberia,2021-06-21,5302690,3088.0,0.0,138.0,0.0
Africa,Liberia,2021-06-22,5302690,3088.0,0.0,138.0,0.0
Africa,Liberia,2021-06-23,5302690,3088.0,0.0,138.0,0.0
Africa,Liberia,2021-06-24,5302690,3088.0,0.0,138.0,0.0
Africa,Liberia,2021-06-25,5302690,3088.0,0.0,138.0,0.0
Africa,Liberia,2021-06-26,5302690,3088.0,0.0,138.0,0.0
Africa,Liberia,2021-06-27,5302690,3792.0,704.0,177.0,39.0
Africa,Liberia,2021-06-28,5302690,3792.0,0.0,177.0,0.0
Africa,Liberia,2021-06-29,5302690,3792.0,0.0,177.0,0.0
Africa,Liberia,2021-06-30,5302690,3792.0,0.0,177.0,0.0
Africa,Liberia,2021-07-01,5302690,3792.0,0.0,177.0,0.0
Africa,Liberia,2021-07-02,5302690,3792.0,0.0,177.0,0.0
Africa,Liberia,2021-07-03,5302690,3792.0,0.0,177.0,0.0
Africa,Liberia,2021-07-04,5302690,4934.0,1142.0,210.0,33.0
Africa,Liberia,2021-07-05,5302690,4934.0,0.0,210.0,0.0
Africa,Liberia,2021-07-06,5302690,4934.0,0.0,210.0,0.0
Africa,Liberia,2021-07-07,5302690,4934.0,0.0,210.0,0.0
Africa,Liberia,2021-07-08,5302690,4934.0,0.0,210.0,0.0
Africa,Liberia,2021-07-09,5302690,4934.0,0.0,210.0,0.0
Africa,Liberia,2021-07-10,5302690,4934.0,0.0,210.0,0.0
Africa,Liberia,2021-07-11,5302690,5220.0,286.0,239.0,29.0
Africa,Liberia,2021-07-12,5302690,5220.0,0.0,239.0,0.0
Africa,Liberia,2021-07-13,5302690,5220.0,0.0,239.0,0.0
Africa,Liberia,2021-07-14,5302690,5220.0,0.0,239.0,0.0
Africa,Liberia,2021-07-15,5302690,5220.0,0.0,239.0,0.0
Africa,Liberia,2021-07-16,5302690,5220.0,0.0,239.0,0.0
Africa,Liberia,2021-07-17,5302690,5220.0,0.0,239.0,0.0
Africa,Liberia,2021-07-18,5302690,5460.0,240.0,261.0,22.0
Africa,Liberia,2021-07-19,5302690,5460.0,0.0,261.0,0.0
Africa,Liberia,2021-07-20,5302690,5460.0,0.0,261.0,0.0
Africa,Liberia,2021-07-21,5302690,5460.0,0.0,261.0,0.0
Africa,Liberia,2021-07-22,5302690,5460.0,0.0,261.0,0.0
Africa,Liberia,2021-07-23,5302690,5460.0,0.0,261.0,0.0
Africa,Liberia,2021-07-24,5302690,5460.0,0.0,261.0,0.0
Africa,Liberia,2021-07-25,5302690,5536.0,76.0,273.0,12.0
Africa,Liberia,2021-07-26,5302690,5536.0,0.0,273.0,0.0
Africa,Liberia,2021-07-27,5302690,5536.0,0.0,273.0,0.0
Africa,Liberia,2021-07-28,5302690,5536.0,0.0,273.0,0.0
Africa,Liberia,2021-07-29,5302690,5536.0,0.0,273.0,0.0
Africa,Liberia,2021-07-30,5302690,5536.0,0.0,273.0,0.0
Africa,Liberia,2021-07-31,5302690,5536.0,0.0,273.0,0.0
Africa,Liberia,2021-08-01,5302690,5561.0,25.0,276.0,3.0
Africa,Liberia,2021-08-02,5302690,5561.0,0.0,276.0,0.0
Africa,Liberia,2021-08-03,5302690,5561.0,0.0,276.0,0.0
Africa,Liberia,2021-08-04,5302690,5561.0,0.0,276.0,0.0
Africa,Liberia,2021-08-05,5302690,5561.0,0.0,276.0,0.0
Africa,Liberia,2021-08-06,5302690,5561.0,0.0,276.0,0.0
Africa,Liberia,2021-08-07,5302690,5561.0,0.0,276.0,0.0
Africa,Liberia,2021-08-08,5302690,5592.0,31.0,279.0,3.0
Africa,Liberia,2021-08-09,5302690,5592.0,0.0,279.0,0.0
Africa,Liberia,2021-08-10,5302690,5592.0,0.0,279.0,0.0
Africa,Liberia,2021-08-11,5302690,5592.0,0.0,279.0,0.0
Africa,Liberia,2021-08-12,5302690,5592.0,0.0,279.0,0.0
Africa,Liberia,2021-08-13,5302690,5592.0,0.0,279.0,0.0
Africa,Liberia,2021-08-14,5302690,5592.0,0.0,279.0,0.0
Africa,Liberia,2021-08-15,5302690,5624.0,32.0,281.0,2.0
Africa,Liberia,2021-08-16,5302690,5624.0,0.0,281.0,0.0
Africa,Liberia,2021-08-17,5302690,5624.0,0.0,281.0,0.0
Africa,Liberia,2021-08-18,5302690,5624.0,0.0,281.0,0.0
Africa,Liberia,2021-08-19,5302690,5624.0,0.0,281.0,0.0
Africa,Liberia,2021-08-20,5302690,5624.0,0.0,281.0,0.0
Africa,Liberia,2021-08-21,5302690,5624.0,0.0,281.0,0.0
Africa,Liberia,2021-08-22,5302690,5657.0,33.0,282.0,1.0
Africa,Liberia,2021-08-23,5302690,5657.0,0.0,282.0,0.0
Africa,Liberia,2021-08-24,5302690,5657.0,0.0,282.0,0.0
Africa,Liberia,2021-08-25,5302690,5657.0,0.0,282.0,0.0
Africa,Liberia,2021-08-26,5302690,5657.0,0.0,282.0,0.0
Africa,Liberia,2021-08-27,5302690,5657.0,0.0,282.0,0.0
Africa,Liberia,2021-08-28,5302690,5657.0,0.0,282.0,0.0
Africa,Liberia,2021-08-29,5302690,5718.0,61.0,283.0,1.0
Africa,Liberia,2021-08-30,5302690,5718.0,0.0,283.0,0.0
Africa,Liberia,2021-08-31,5302690,5718.0,0.0,283.0,0.0
Africa,Liberia,2021-09-01,5302690,5718.0,0.0,283.0,0.0
Africa,Liberia,2021-09-02,5302690,5718.0,0.0,283.0,0.0
Africa,Liberia,2021-09-03,5302690,5718.0,0.0,283.0,0.0
Africa,Liberia,2021-09-04,5302690,5718.0,0.0,283.0,0.0
Africa,Liberia,2021-09-05,5302690,5750.0,32.0,283.0,0.0
Africa,Liberia,2021-09-06,5302690,5750.0,0.0,283.0,0.0
Africa,Liberia,2021-09-07,5302690,5750.0,0.0,283.0,0.0
Africa,Liberia,2021-09-08,5302690,5750.0,0.0,283.0,0.0
Africa,Liberia,2021-09-09,5302690,5750.0,0.0,283.0,0.0
Africa,Liberia,2021-09-10,5302690,5750.0,0.0,283.0,0.0
Africa,Liberia,2021-09-11,5302690,5750.0,0.0,283.0,0.0
Africa,Liberia,2021-09-12,5302690,5772.0,22.0,283.0,0.0
Africa,Liberia,2021-09-13,5302690,5772.0,0.0,283.0,0.0
Africa,Liberia,2021-09-14,5302690,5772.0,0.0,283.0,0.0
Africa,Liberia,2021-09-15,5302690,5772.0,0.0,283.0,0.0
Africa,Liberia,2021-09-16,5302690,5772.0,0.0,283.0,0.0
Africa,Liberia,2021-09-17,5302690,5772.0,0.0,283.0,0.0
Africa,Liberia,2021-09-18,5302690,5772.0,0.0,283.0,0.0
Africa,Liberia,2021-09-19,5302690,5793.0,21.0,283.0,0.0
Africa,Liberia,2021-09-20,5302690,5793.0,0.0,283.0,0.0
Africa,Liberia,2021-09-21,5302690,5793.0,0.0,283.0,0.0
Africa,Liberia,2021-09-22,5302690,5793.0,0.0,283.0,0.0
Africa,Liberia,2021-09-23,5302690,5793.0,0.0,283.0,0.0
Africa,Liberia,2021-09-24,5302690,5793.0,0.0,283.0,0.0
Africa,Liberia,2021-09-25,5302690,5793.0,0.0,283.0,0.0
Africa,Liberia,2021-09-26,5302690,5803.0,10.0,285.0,2.0
Africa,Liberia,2021-09-27,5302690,5803.0,0.0,285.0,0.0
Africa,Liberia,2021-09-28,5302690,5803.0,0.0,285.0,0.0
Africa,Liberia,2021-09-29,5302690,5803.0,0.0,285.0,0.0
Africa,Liberia,2021-09-30,5302690,5803.0,0.0,285.0,0.0
Africa,Liberia,2021-10-01,5302690,5803.0,0.0,285.0,0.0
Africa,Liberia,2021-10-02,5302690,5803.0,0.0,285.0,0.0
Africa,Liberia,2021-10-03,5302690,5805.0,2.0,286.0,1.0
Africa,Liberia,2021-10-04,5302690,5805.0,0.0,286.0,0.0
Africa,Liberia,2021-10-05,5302690,5805.0,0.0,286.0,0.0
Africa,Liberia,2021-10-06,5302690,5805.0,0.0,286.0,0.0
Africa,Liberia,2021-10-07,5302690,5805.0,0.0,286.0,0.0
Africa,Liberia,2021-10-08,5302690,5805.0,0.0,286.0,0.0
Africa,Liberia,2021-10-09,5302690,5805.0,0.0,286.0,0.0
Africa,Liberia,2021-10-10,5302690,5807.0,2.0,286.0,0.0
Africa,Liberia,2021-10-11,5302690,5807.0,0.0,286.0,0.0
Africa,Liberia,2021-10-12,5302690,5807.0,0.0,286.0,0.0
Africa,Liberia,2021-10-13,5302690,5807.0,0.0,286.0,0.0
Africa,Liberia,2021-10-14,5302690,5807.0,0.0,286.0,0.0
Africa,Liberia,2021-10-15,5302690,5807.0,0.0,286.0,0.0
Africa,Liberia,2021-10-16,5302690,5807.0,0.0,286.0,0.0
Africa,Liberia,2021-10-17,5302690,5812.0,5.0,286.0,0.0
Africa,Liberia,2021-10-18,5302690,5812.0,0.0,286.0,0.0
Africa,Liberia,2021-10-19,5302690,5812.0,0.0,286.0,0.0
Africa,Liberia,2021-10-20,5302690,5812.0,0.0,286.0,0.0
Africa,Liberia,2021-10-21,5302690,5812.0,0.0,286.0,0.0
Africa,Liberia,2021-10-22,5302690,5812.0,0.0,286.0,0.0
Africa,Liberia,2021-10-23,5302690,5812.0,0.0,286.0,0.0
Africa,Liberia,2021-10-24,5302690,5814.0,2.0,287.0,1.0
Africa,Liberia,2021-10-25,5302690,5814.0,0.0,287.0,0.0
Africa,Liberia,2021-10-26,5302690,5814.0,0.0,287.0,0.0
Africa,Liberia,2021-10-27,5302690,5814.0,0.0,287.0,0.0
Africa,Liberia,2021-10-28,5302690,5814.0,0.0,287.0,0.0
Africa,Liberia,2021-10-29,5302690,5814.0,0.0,287.0,0.0
Africa,Liberia,2021-10-30,5302690,5814.0,0.0,287.0,0.0
Africa,Liberia,2021-10-31,5302690,5818.0,4.0,287.0,0.0
Africa,Liberia,2021-11-01,5302690,5818.0,0.0,287.0,0.0
Africa,Liberia,2021-11-02,5302690,5818.0,0.0,287.0,0.0
Africa,Liberia,2021-11-03,5302690,5818.0,0.0,287.0,0.0
Africa,Liberia,2021-11-04,5302690,5818.0,0.0,287.0,0.0
Africa,Liberia,2021-11-05,5302690,5818.0,0.0,287.0,0.0
Africa,Liberia,2021-11-06,5302690,5818.0,0.0,287.0,0.0
Africa,Liberia,2021-11-07,5302690,5818.0,0.0,287.0,0.0
Africa,Liberia,2021-11-08,5302690,5818.0,0.0,287.0,0.0
Africa,Liberia,2021-11-09,5302690,5818.0,0.0,287.0,0.0
Africa,Liberia,2021-11-10,5302690,5818.0,0.0,287.0,0.0
Africa,Liberia,2021-11-11,5302690,5818.0,0.0,287.0,0.0
Africa,Liberia,2021-11-12,5302690,5818.0,0.0,287.0,0.0
Africa,Liberia,2021-11-13,5302690,5818.0,0.0,287.0,0.0
Africa,Liberia,2021-11-14,5302690,5821.0,3.0,287.0,0.0
Africa,Liberia,2021-11-15,5302690,5821.0,0.0,287.0,0.0
Africa,Liberia,2021-11-16,5302690,5821.0,0.0,287.0,0.0
Africa,Liberia,2021-11-17,5302690,5821.0,0.0,287.0,0.0
Africa,Liberia,2021-11-18,5302690,5821.0,0.0,287.0,0.0
Africa,Liberia,2021-11-19,5302690,5821.0,0.0,287.0,0.0
Africa,Liberia,2021-11-20,5302690,5821.0,0.0,287.0,0.0
Africa,Liberia,2021-11-21,5302690,5823.0,2.0,287.0,0.0
Africa,Liberia,2021-11-22,5302690,5823.0,0.0,287.0,0.0
Africa,Liberia,2021-11-23,5302690,5823.0,0.0,287.0,0.0
Africa,Liberia,2021-11-24,5302690,5823.0,0.0,287.0,0.0
Africa,Liberia,2021-11-25,5302690,5823.0,0.0,287.0,0.0
Africa,Liberia,2021-11-26,5302690,5823.0,0.0,287.0,0.0
Africa,Liberia,2021-11-27,5302690,5823.0,0.0,287.0,0.0
Africa,Liberia,2021-11-28,5302690,5824.0,1.0,287.0,0.0
Africa,Liberia,2021-11-29,5302690,5824.0,0.0,287.0,0.0
Africa,Liberia,2021-11-30,5302690,5824.0,0.0,287.0,0.0
Africa,Liberia,2021-12-01,5302690,5824.0,0.0,287.0,0.0
Africa,Liberia,2021-12-02,5302690,5824.0,0.0,287.0,0.0
Africa,Liberia,2021-12-03,5302690,5824.0,0.0,287.0,0.0
Africa,Liberia,2021-12-04,5302690,5824.0,0.0,287.0,0.0
Africa,Liberia,2021-12-05,5302690,5830.0,6.0,287.0,0.0
Africa,Liberia,2021-12-06,5302690,5830.0,0.0,287.0,0.0
Africa,Liberia,2021-12-07,5302690,5830.0,0.0,287.0,0.0
Africa,Liberia,2021-12-08,5302690,5830.0,0.0,287.0,0.0
Africa,Liberia,2021-12-09,5302690,5830.0,0.0,287.0,0.0
Africa,Liberia,2021-12-10,5302690,5830.0,0.0,287.0,0.0
Africa,Liberia,2021-12-11,5302690,5830.0,0.0,287.0,0.0
Africa,Liberia,2021-12-12,5302690,5847.0,17.0,287.0,0.0
Africa,Liberia,2021-12-13,5302690,5847.0,0.0,287.0,0.0
Africa,Liberia,2021-12-14,5302690,5847.0,0.0,287.0,0.0
Africa,Liberia,2021-12-15,5302690,5847.0,0.0,287.0,0.0
Africa,Liberia,2021-12-16,5302690,5847.0,0.0,287.0,0.0
Africa,Liberia,2021-12-17,5302690,5847.0,0.0,287.0,0.0
Africa,Liberia,2021-12-18,5302690,5847.0,0.0,287.0,0.0
Africa,Liberia,2021-12-19,5302690,5919.0,72.0,287.0,0.0
Africa,Liberia,2021-12-20,5302690,5919.0,0.0,287.0,0.0
Africa,Liberia,2021-12-21,5302690,5919.0,0.0,287.0,0.0
Africa,Liberia,2021-12-22,5302690,5919.0,0.0,287.0,0.0
Africa,Liberia,2021-12-23,5302690,5919.0,0.0,287.0,0.0
Africa,Liberia,2021-12-24,5302690,5919.0,0.0,287.0,0.0
Africa,Liberia,2021-12-25,5302690,5919.0,0.0,287.0,0.0
Africa,Liberia,2021-12-26,5302690,6228.0,309.0,287.0,0.0
Africa,Liberia,2021-12-27,5302690,6228.0,0.0,287.0,0.0
Africa,Liberia,2021-12-28,5302690,6228.0,0.0,287.0,0.0
Africa,Liberia,2021-12-29,5302690,6228.0,0.0,287.0,0.0
Africa,Liberia,2021-12-30,5302690,6228.0,0.0,287.0,0.0
Africa,Liberia,2021-12-31,5302690,6228.0,0.0,287.0,0.0
Africa,Liberia,2022-01-01,5302690,6228.0,0.0,287.0,0.0
Africa,Liberia,2022-01-02,5302690,6744.0,516.0,287.0,0.0
Africa,Liberia,2022-01-03,5302690,6744.0,0.0,287.0,0.0
Africa,Liberia,2022-01-04,5302690,6744.0,0.0,287.0,0.0
Africa,Liberia,2022-01-05,5302690,6744.0,0.0,287.0,0.0
Africa,Liberia,2022-01-06,5302690,6744.0,0.0,287.0,0.0
Africa,Liberia,2022-01-07,5302690,6744.0,0.0,287.0,0.0
Africa,Liberia,2022-01-08,5302690,6744.0,0.0,287.0,0.0
Africa,Liberia,2022-01-09,5302690,7075.0,331.0,287.0,0.0
Africa,Liberia,2022-01-10,5302690,7075.0,0.0,287.0,0.0
Africa,Liberia,2022-01-11,5302690,7075.0,0.0,287.0,0.0
Africa,Liberia,2022-01-12,5302690,7075.0,0.0,287.0,0.0
Africa,Liberia,2022-01-13,5302690,7075.0,0.0,287.0,0.0
Africa,Liberia,2022-01-14,5302690,7075.0,0.0,287.0,0.0
Africa,Liberia,2022-01-15,5302690,7075.0,0.0,287.0,0.0
Africa,Liberia,2022-01-16,5302690,7193.0,118.0,287.0,0.0
Africa,Liberia,2022-01-17,5302690,7193.0,0.0,287.0,0.0
Africa,Liberia,2022-01-18,5302690,7193.0,0.0,287.0,0.0
Africa,Liberia,2022-01-19,5302690,7193.0,0.0,287.0,0.0
Africa,Liberia,2022-01-20,5302690,7193.0,0.0,287.0,0.0
Africa,Liberia,2022-01-21,5302690,7193.0,0.0,287.0,0.0
Africa,Liberia,2022-01-22,5302690,7193.0,0.0,287.0,0.0
Africa,Liberia,2022-01-23,5302690,7246.0,53.0,290.0,3.0
Africa,Liberia,2022-01-24,5302690,7246.0,0.0,290.0,0.0
Africa,Liberia,2022-01-25,5302690,7246.0,0.0,290.0,0.0
Africa,Liberia,2022-01-26,5302690,7246.0,0.0,290.0,0.0
Africa,Liberia,2022-01-27,5302690,7246.0,0.0,290.0,0.0
Africa,Liberia,2022-01-28,5302690,7246.0,0.0,290.0,0.0
Africa,Liberia,2022-01-29,5302690,7246.0,0.0,290.0,0.0
Africa,Liberia,2022-01-30,5302690,7272.0,26.0,290.0,0.0
Africa,Liberia,2022-01-31,5302690,7272.0,0.0,290.0,0.0
Africa,Liberia,2022-02-01,5302690,7272.0,0.0,290.0,0.0
Africa,Liberia,2022-02-02,5302690,7272.0,0.0,290.0,0.0
Africa,Liberia,2022-02-03,5302690,7272.0,0.0,290.0,0.0
Africa,Liberia,2022-02-04,5302690,7272.0,0.0,290.0,0.0
Africa,Liberia,2022-02-05,5302690,7272.0,0.0,290.0,0.0
Africa,Liberia,2022-02-06,5302690,7346.0,74.0,290.0,0.0
Africa,Liberia,2022-02-07,5302690,7346.0,0.0,290.0,0.0
Africa,Liberia,2022-02-08,5302690,7346.0,0.0,290.0,0.0
Africa,Liberia,2022-02-09,5302690,7346.0,0.0,290.0,0.0
Africa,Liberia,2022-02-10,5302690,7346.0,0.0,290.0,0.0
Africa,Liberia,2022-02-11,5302690,7346.0,0.0,290.0,0.0
Africa,Liberia,2022-02-12,5302690,7346.0,0.0,290.0,0.0
Africa,Liberia,2022-02-13,5302690,7360.0,14.0,290.0,0.0
Africa,Liberia,2022-02-14,5302690,7360.0,0.0,290.0,0.0
Africa,Liberia,2022-02-15,5302690,7360.0,0.0,290.0,0.0
Africa,Liberia,2022-02-16,5302690,7360.0,0.0,290.0,0.0
Africa,Liberia,2022-02-17,5302690,7360.0,0.0,290.0,0.0
Africa,Liberia,2022-02-18,5302690,7360.0,0.0,290.0,0.0
Africa,Liberia,2022-02-19,5302690,7360.0,0.0,290.0,0.0
Africa,Liberia,2022-02-20,5302690,7381.0,21.0,294.0,4.0
Africa,Liberia,2022-02-21,5302690,7381.0,0.0,294.0,0.0
Africa,Liberia,2022-02-22,5302690,7381.0,0.0,294.0,0.0
Africa,Liberia,2022-02-23,5302690,7381.0,0.0,294.0,0.0
Africa,Liberia,2022-02-24,5302690,7381.0,0.0,294.0,0.0
Africa,Liberia,2022-02-25,5302690,7381.0,0.0,294.0,0.0
Africa,Liberia,2022-02-26,5302690,7381.0,0.0,294.0,0.0
Africa,Liberia,2022-02-27,5302690,7384.0,3.0,294.0,0.0
Africa,Liberia,2022-02-28,5302690,7384.0,0.0,294.0,0.0
Africa,Liberia,2022-03-01,5302690,7384.0,0.0,294.0,0.0
Africa,Liberia,2022-03-02,5302690,7384.0,0.0,294.0,0.0
Africa,Liberia,2022-03-03,5302690,7384.0,0.0,294.0,0.0
Africa,Liberia,2022-03-04,5302690,7384.0,0.0,294.0,0.0
Africa,Liberia,2022-03-05,5302690,7384.0,0.0,294.0,0.0
Africa,Liberia,2022-03-06,5302690,7393.0,9.0,294.0,0.0
Africa,Liberia,2022-03-07,5302690,7393.0,0.0,294.0,0.0
Africa,Liberia,2022-03-08,5302690,7393.0,0.0,294.0,0.0
Africa,Liberia,2022-03-09,5302690,7393.0,0.0,294.0,0.0
Africa,Liberia,2022-03-10,5302690,7393.0,0.0,294.0,0.0
Africa,Liberia,2022-03-11,5302690,7393.0,0.0,294.0,0.0
Africa,Liberia,2022-03-12,5302690,7393.0,0.0,294.0,0.0
Africa,Liberia,2022-03-13,5302690,7393.0,0.0,294.0,0.0
Africa,Liberia,2022-03-14,5302690,7393.0,0.0,294.0,0.0
Africa,Liberia,2022-03-15,5302690,7393.0,0.0,294.0,0.0
Africa,Liberia,2022-03-16,5302690,7393.0,0.0,294.0,0.0
Africa,Liberia,2022-03-17,5302690,7393.0,0.0,294.0,0.0
Africa,Liberia,2022-03-18,5302690,7393.0,0.0,294.0,0.0
Africa,Liberia,2022-03-19,5302690,7393.0,0.0,294.0,0.0
Africa,Liberia,2022-03-20,5302690,7395.0,2.0,294.0,0.0
Africa,Liberia,2022-03-21,5302690,7395.0,0.0,294.0,0.0
Africa,Liberia,2022-03-22,5302690,7395.0,0.0,294.0,0.0
Africa,Liberia,2022-03-23,5302690,7395.0,0.0,294.0,0.0
Africa,Liberia,2022-03-24,5302690,7395.0,0.0,294.0,0.0
Africa,Liberia,2022-03-25,5302690,7395.0,0.0,294.0,0.0
Africa,Liberia,2022-03-26,5302690,7395.0,0.0,294.0,0.0
Africa,Liberia,2022-03-27,5302690,7399.0,4.0,294.0,0.0
Africa,Liberia,2022-03-28,5302690,7399.0,0.0,294.0,0.0
Africa,Liberia,2022-03-29,5302690,7399.0,0.0,294.0,0.0
Africa,Liberia,2022-03-30,5302690,7399.0,0.0,294.0,0.0
Africa,Liberia,2022-03-31,5302690,7399.0,0.0,294.0,0.0
Africa,Liberia,2022-04-01,5302690,7399.0,0.0,294.0,0.0
Africa,Liberia,2022-04-02,5302690,7399.0,0.0,294.0,0.0
Africa,Liberia,2022-04-03,5302690,7400.0,1.0,294.0,0.0
Africa,Liberia,2022-04-04,5302690,7400.0,0.0,294.0,0.0
Africa,Liberia,2022-04-05,5302690,7400.0,0.0,294.0,0.0
Africa,Liberia,2022-04-06,5302690,7400.0,0.0,294.0,0.0
Africa,Liberia,2022-04-07,5302690,7400.0,0.0,294.0,0.0
Africa,Liberia,2022-04-08,5302690,7400.0,0.0,294.0,0.0
Africa,Liberia,2022-04-09,5302690,7400.0,0.0,294.0,0.0
Africa,Liberia,2022-04-10,5302690,7421.0,21.0,294.0,0.0
Africa,Liberia,2022-04-11,5302690,7421.0,0.0,294.0,0.0
Africa,Liberia,2022-04-12,5302690,7421.0,0.0,294.0,0.0
Africa,Liberia,2022-04-13,5302690,7421.0,0.0,294.0,0.0
Africa,Liberia,2022-04-14,5302690,7421.0,0.0,294.0,0.0
Africa,Liberia,2022-04-15,5302690,7421.0,0.0,294.0,0.0
Africa,Liberia,2022-04-16,5302690,7421.0,0.0,294.0,0.0
Africa,Liberia,2022-04-17,5302690,7434.0,13.0,294.0,0.0
Africa,Liberia,2022-04-18,5302690,7434.0,0.0,294.0,0.0
Africa,Liberia,2022-04-19,5302690,7434.0,0.0,294.0,0.0
Africa,Liberia,2022-04-20,5302690,7434.0,0.0,294.0,0.0
Africa,Liberia,2022-04-21,5302690,7434.0,0.0,294.0,0.0
Africa,Liberia,2022-04-22,5302690,7434.0,0.0,294.0,0.0
Africa,Liberia,2022-04-23,5302690,7434.0,0.0,294.0,0.0
Africa,Liberia,2022-04-24,5302690,7434.0,0.0,294.0,0.0
Africa,Liberia,2022-04-25,5302690,7434.0,0.0,294.0,0.0
Africa,Liberia,2022-04-26,5302690,7434.0,0.0,294.0,0.0
Africa,Liberia,2022-04-27,5302690,7434.0,0.0,294.0,0.0
Africa,Liberia,2022-04-28,5302690,7434.0,0.0,294.0,0.0
Africa,Liberia,2022-04-29,5302690,7434.0,0.0,294.0,0.0
Africa,Liberia,2022-04-30,5302690,7434.0,0.0,294.0,0.0
Africa,Liberia,2022-05-01,5302690,7435.0,1.0,294.0,0.0
Africa,Liberia,2022-05-02,5302690,7435.0,0.0,294.0,0.0
Africa,Liberia,2022-05-03,5302690,7435.0,0.0,294.0,0.0
Africa,Liberia,2022-05-04,5302690,7435.0,0.0,294.0,0.0
Africa,Liberia,2022-05-05,5302690,7435.0,0.0,294.0,0.0
Africa,Liberia,2022-05-06,5302690,7435.0,0.0,294.0,0.0
Africa,Liberia,2022-05-07,5302690,7435.0,0.0,294.0,0.0
Africa,Liberia,2022-05-08,5302690,7451.0,16.0,294.0,0.0
Africa,Liberia,2022-05-09,5302690,7451.0,0.0,294.0,0.0
Africa,Liberia,2022-05-10,5302690,7451.0,0.0,294.0,0.0
Africa,Liberia,2022-05-11,5302690,7451.0,0.0,294.0,0.0
Africa,Liberia,2022-05-12,5302690,7451.0,0.0,294.0,0.0
Africa,Liberia,2022-05-13,5302690,7451.0,0.0,294.0,0.0
Africa,Liberia,2022-05-14,5302690,7451.0,0.0,294.0,0.0
Africa,Liberia,2022-05-15,5302690,7455.0,4.0,294.0,0.0
Africa,Liberia,2022-05-16,5302690,7455.0,0.0,294.0,0.0
Africa,Liberia,2022-05-17,5302690,7455.0,0.0,294.0,0.0
Africa,Liberia,2022-05-18,5302690,7455.0,0.0,294.0,0.0
Africa,Liberia,2022-05-19,5302690,7455.0,0.0,294.0,0.0
Africa,Liberia,2022-05-20,5302690,7455.0,0.0,294.0,0.0
Africa,Liberia,2022-05-21,5302690,7455.0,0.0,294.0,0.0
Africa,Liberia,2022-05-22,5302690,7456.0,1.0,294.0,0.0
Africa,Liberia,2022-05-23,5302690,7456.0,0.0,294.0,0.0
Africa,Liberia,2022-05-24,5302690,7456.0,0.0,294.0,0.0
Africa,Liberia,2022-05-25,5302690,7456.0,0.0,294.0,0.0
Africa,Liberia,2022-05-26,5302690,7456.0,0.0,294.0,0.0
Africa,Liberia,2022-05-27,5302690,7456.0,0.0,294.0,0.0
Africa,Liberia,2022-05-28,5302690,7456.0,0.0,294.0,0.0
Africa,Liberia,2022-05-29,5302690,7456.0,0.0,294.0,0.0
Africa,Liberia,2022-05-30,5302690,7456.0,0.0,294.0,0.0
Africa,Liberia,2022-05-31,5302690,7456.0,0.0,294.0,0.0
Africa,Liberia,2022-06-01,5302690,7456.0,0.0,294.0,0.0
Africa,Liberia,2022-06-02,5302690,7456.0,0.0,294.0,0.0
Africa,Liberia,2022-06-03,5302690,7456.0,0.0,294.0,0.0
Africa,Liberia,2022-06-04,5302690,7456.0,0.0,294.0,0.0
Africa,Liberia,2022-06-05,5302690,7458.0,2.0,294.0,0.0
Africa,Liberia,2022-06-06,5302690,7458.0,0.0,294.0,0.0
Africa,Liberia,2022-06-07,5302690,7458.0,0.0,294.0,0.0
Africa,Liberia,2022-06-08,5302690,7458.0,0.0,294.0,0.0
Africa,Liberia,2022-06-09,5302690,7458.0,0.0,294.0,0.0
Africa,Liberia,2022-06-10,5302690,7458.0,0.0,294.0,0.0
Africa,Liberia,2022-06-11,5302690,7458.0,0.0,294.0,0.0
Africa,Liberia,2022-06-12,5302690,7488.0,30.0,294.0,0.0
Africa,Liberia,2022-06-13,5302690,7488.0,0.0,294.0,0.0
Africa,Liberia,2022-06-14,5302690,7488.0,0.0,294.0,0.0
Africa,Liberia,2022-06-15,5302690,7488.0,0.0,294.0,0.0
Africa,Liberia,2022-06-16,5302690,7488.0,0.0,294.0,0.0
Africa,Liberia,2022-06-17,5302690,7488.0,0.0,294.0,0.0
Africa,Liberia,2022-06-18,5302690,7488.0,0.0,294.0,0.0
Africa,Liberia,2022-06-19,5302690,7493.0,5.0,294.0,0.0
Africa,Liberia,2022-06-20,5302690,7493.0,0.0,294.0,0.0
Africa,Liberia,2022-06-21,5302690,7493.0,0.0,294.0,0.0
Africa,Liberia,2022-06-22,5302690,7493.0,0.0,294.0,0.0
Africa,Liberia,2022-06-23,5302690,7493.0,0.0,294.0,0.0
Africa,Liberia,2022-06-24,5302690,7493.0,0.0,294.0,0.0
Africa,Liberia,2022-06-25,5302690,7493.0,0.0,294.0,0.0
Africa,Liberia,2022-06-26,5302690,7499.0,6.0,294.0,0.0
Africa,Liberia,2022-06-27,5302690,7499.0,0.0,294.0,0.0
Africa,Liberia,2022-06-28,5302690,7499.0,0.0,294.0,0.0
Africa,Liberia,2022-06-29,5302690,7499.0,0.0,294.0,0.0
Africa,Liberia,2022-06-30,5302690,7499.0,0.0,294.0,0.0
Africa,Liberia,2022-07-01,5302690,7499.0,0.0,294.0,0.0
Africa,Liberia,2022-07-02,5302690,7499.0,0.0,294.0,0.0
Africa,Liberia,2022-07-03,5302690,7501.0,2.0,294.0,0.0
Africa,Liberia,2022-07-04,5302690,7501.0,0.0,294.0,0.0
Africa,Liberia,2022-07-05,5302690,7501.0,0.0,294.0,0.0
Africa,Liberia,2022-07-06,5302690,7501.0,0.0,294.0,0.0
Africa,Liberia,2022-07-07,5302690,7501.0,0.0,294.0,0.0
Africa,Liberia,2022-07-08,5302690,7501.0,0.0,294.0,0.0
Africa,Liberia,2022-07-09,5302690,7501.0,0.0,294.0,0.0
Africa,Liberia,2022-07-10,5302690,7504.0,3.0,294.0,0.0
Africa,Liberia,2022-07-11,5302690,7504.0,0.0,294.0,0.0
Africa,Liberia,2022-07-12,5302690,7504.0,0.0,294.0,0.0
Africa,Liberia,2022-07-13,5302690,7504.0,0.0,294.0,0.0
Africa,Liberia,2022-07-14,5302690,7504.0,0.0,294.0,0.0
Africa,Liberia,2022-07-15,5302690,7504.0,0.0,294.0,0.0
Africa,Liberia,2022-07-16,5302690,7504.0,0.0,294.0,0.0
Africa,Liberia,2022-07-17,5302690,7507.0,3.0,294.0,0.0
Africa,Liberia,2022-07-18,5302690,7507.0,0.0,294.0,0.0
Africa,Liberia,2022-07-19,5302690,7507.0,0.0,294.0,0.0
Africa,Liberia,2022-07-20,5302690,7507.0,0.0,294.0,0.0
Africa,Liberia,2022-07-21,5302690,7507.0,0.0,294.0,0.0
Africa,Liberia,2022-07-22,5302690,7507.0,0.0,294.0,0.0
Africa,Liberia,2022-07-23,5302690,7507.0,0.0,294.0,0.0
Africa,Liberia,2022-07-24,5302690,7508.0,1.0,294.0,0.0
Africa,Liberia,2022-07-25,5302690,7508.0,0.0,294.0,0.0
Africa,Liberia,2022-07-26,5302690,7508.0,0.0,294.0,0.0
Africa,Liberia,2022-07-27,5302690,7508.0,0.0,294.0,0.0
Africa,Liberia,2022-07-28,5302690,7508.0,0.0,294.0,0.0
Africa,Liberia,2022-07-29,5302690,7508.0,0.0,294.0,0.0
Africa,Liberia,2022-07-30,5302690,7508.0,0.0,294.0,0.0
Africa,Liberia,2022-07-31,5302690,7548.0,40.0,294.0,0.0
Africa,Liberia,2022-08-01,5302690,7548.0,0.0,294.0,0.0
Africa,Liberia,2022-08-02,5302690,7548.0,0.0,294.0,0.0
Africa,Liberia,2022-08-03,5302690,7548.0,0.0,294.0,0.0
Africa,Liberia,2022-08-04,5302690,7548.0,0.0,294.0,0.0
Africa,Liberia,2022-08-05,5302690,7548.0,0.0,294.0,0.0
Africa,Liberia,2022-08-06,5302690,7548.0,0.0,294.0,0.0
Africa,Liberia,2022-08-07,5302690,7652.0,104.0,294.0,0.0
Africa,Liberia,2022-08-08,5302690,7652.0,0.0,294.0,0.0
Africa,Liberia,2022-08-09,5302690,7652.0,0.0,294.0,0.0
Africa,Liberia,2022-08-10,5302690,7652.0,0.0,294.0,0.0
Africa,Liberia,2022-08-11,5302690,7652.0,0.0,294.0,0.0
Africa,Liberia,2022-08-12,5302690,7652.0,0.0,294.0,0.0
Africa,Liberia,2022-08-13,5302690,7652.0,0.0,294.0,0.0
Africa,Liberia,2022-08-14,5302690,7728.0,76.0,294.0,0.0
Africa,Liberia,2022-08-15,5302690,7728.0,0.0,294.0,0.0
Africa,Liberia,2022-08-16,5302690,7728.0,0.0,294.0,0.0
Africa,Liberia,2022-08-17,5302690,7728.0,0.0,294.0,0.0
Africa,Liberia,2022-08-18,5302690,7728.0,0.0,294.0,0.0
Africa,Liberia,2022-08-19,5302690,7728.0,0.0,294.0,0.0
Africa,Liberia,2022-08-20,5302690,7728.0,0.0,294.0,0.0
Africa,Liberia,2022-08-21,5302690,7830.0,102.0,294.0,0.0
Africa,Liberia,2022-08-22,5302690,7830.0,0.0,294.0,0.0
Africa,Liberia,2022-08-23,5302690,7830.0,0.0,294.0,0.0
Africa,Liberia,2022-08-24,5302690,7830.0,0.0,294.0,0.0
Africa,Liberia,2022-08-25,5302690,7830.0,0.0,294.0,0.0
Africa,Liberia,2022-08-26,5302690,7830.0,0.0,294.0,0.0
Africa,Liberia,2022-08-27,5302690,7830.0,0.0,294.0,0.0
Africa,Liberia,2022-08-28,5302690,7883.0,53.0,294.0,0.0
Africa,Liberia,2022-08-29,5302690,7883.0,0.0,294.0,0.0
Africa,Liberia,2022-08-30,5302690,7883.0,0.0,294.0,0.0
Africa,Liberia,2022-08-31,5302690,7883.0,0.0,294.0,0.0
Africa,Liberia,2022-09-01,5302690,7883.0,0.0,294.0,0.0
Africa,Liberia,2022-09-02,5302690,7883.0,0.0,294.0,0.0
Africa,Liberia,2022-09-03,5302690,7883.0,0.0,294.0,0.0
Africa,Liberia,2022-09-04,5302690,7926.0,43.0,294.0,0.0
Africa,Liberia,2022-09-05,5302690,7926.0,0.0,294.0,0.0
Africa,Liberia,2022-09-06,5302690,7926.0,0.0,294.0,0.0
Africa,Liberia,2022-09-07,5302690,7926.0,0.0,294.0,0.0
Africa,Liberia,2022-09-08,5302690,7926.0,0.0,294.0,0.0
Africa,Liberia,2022-09-09,5302690,7926.0,0.0,294.0,0.0
Africa,Liberia,2022-09-10,5302690,7926.0,0.0,294.0,0.0
Africa,Liberia,2022-09-11,5302690,7944.0,18.0,294.0,0.0
Africa,Liberia,2022-09-12,5302690,7944.0,0.0,294.0,0.0
Africa,Liberia,2022-09-13,5302690,7944.0,0.0,294.0,0.0
Africa,Liberia,2022-09-14,5302690,7944.0,0.0,294.0,0.0
Africa,Liberia,2022-09-15,5302690,7944.0,0.0,294.0,0.0
Africa,Liberia,2022-09-16,5302690,7944.0,0.0,294.0,0.0
Africa,Liberia,2022-09-17,5302690,7944.0,0.0,294.0,0.0
Africa,Liberia,2022-09-18,5302690,7960.0,16.0,294.0,0.0
Africa,Liberia,2022-09-19,5302690,7960.0,0.0,294.0,0.0
Africa,Liberia,2022-09-20,5302690,7960.0,0.0,294.0,0.0
Africa,Liberia,2022-09-21,5302690,7960.0,0.0,294.0,0.0
Africa,Liberia,2022-09-22,5302690,7960.0,0.0,294.0,0.0
Africa,Liberia,2022-09-23,5302690,7960.0,0.0,294.0,0.0
Africa,Liberia,2022-09-24,5302690,7960.0,0.0,294.0,0.0
Africa,Liberia,2022-09-25,5302690,7973.0,13.0,294.0,0.0
Africa,Liberia,2022-09-26,5302690,7973.0,0.0,294.0,0.0
Africa,Liberia,2022-09-27,5302690,7973.0,0.0,294.0,0.0
Africa,Liberia,2022-09-28,5302690,7973.0,0.0,294.0,0.0
Africa,Liberia,2022-09-29,5302690,7973.0,0.0,294.0,0.0
Africa,Liberia,2022-09-30,5302690,7973.0,0.0,294.0,0.0
Africa,Liberia,2022-10-01,5302690,7973.0,0.0,294.0,0.0
Africa,Liberia,2022-10-02,5302690,7976.0,3.0,294.0,0.0
Africa,Liberia,2022-10-03,5302690,7976.0,0.0,294.0,0.0
Africa,Liberia,2022-10-04,5302690,7976.0,0.0,294.0,0.0
Africa,Liberia,2022-10-05,5302690,7976.0,0.0,294.0,0.0
Africa,Liberia,2022-10-06,5302690,7976.0,0.0,294.0,0.0
Africa,Liberia,2022-10-07,5302690,7976.0,0.0,294.0,0.0
Africa,Liberia,2022-10-08,5302690,7976.0,0.0,294.0,0.0
Africa,Liberia,2022-10-09,5302690,7986.0,10.0,294.0,0.0
Africa,Liberia,2022-10-10,5302690,7986.0,0.0,294.0,0.0
Africa,Liberia,2022-10-11,5302690,7986.0,0.0,294.0,0.0
Africa,Liberia,2022-10-12,5302690,7986.0,0.0,294.0,0.0
Africa,Liberia,2022-10-13,5302690,7986.0,0.0,294.0,0.0
Africa,Liberia,2022-10-14,5302690,7986.0,0.0,294.0,0.0
Africa,Liberia,2022-10-15,5302690,7986.0,0.0,294.0,0.0
Africa,Liberia,2022-10-16,5302690,7990.0,4.0,294.0,0.0
Africa,Liberia,2022-10-17,5302690,7990.0,0.0,294.0,0.0
Africa,Liberia,2022-10-18,5302690,7990.0,0.0,294.0,0.0
Africa,Liberia,2022-10-19,5302690,7990.0,0.0,294.0,0.0
Africa,Liberia,2022-10-20,5302690,7990.0,0.0,294.0,0.0
Africa,Liberia,2022-10-21,5302690,7990.0,0.0,294.0,0.0
Africa,Liberia,2022-10-22,5302690,7990.0,0.0,294.0,0.0
Africa,Liberia,2022-10-23,5302690,7993.0,3.0,294.0,0.0
Africa,Liberia,2022-10-24,5302690,7993.0,0.0,294.0,0.0
Africa,Liberia,2022-10-25,5302690,7993.0,0.0,294.0,0.0
Africa,Liberia,2022-10-26,5302690,7993.0,0.0,294.0,0.0
Africa,Liberia,2022-10-27,5302690,7993.0,0.0,294.0,0.0
Africa,Liberia,2022-10-28,5302690,7993.0,0.0,294.0,0.0
Africa,Liberia,2022-10-29,5302690,7993.0,0.0,294.0,0.0
Africa,Liberia,2022-10-30,5302690,7999.0,6.0,294.0,0.0
Africa,Liberia,2022-10-31,5302690,7999.0,0.0,294.0,0.0
Africa,Liberia,2022-11-01,5302690,7999.0,0.0,294.0,0.0
Africa,Liberia,2022-11-02,5302690,7999.0,0.0,294.0,0.0
Africa,Liberia,2022-11-03,5302690,7999.0,0.0,294.0,0.0
Africa,Liberia,2022-11-04,5302690,7999.0,0.0,294.0,0.0
Africa,Liberia,2022-11-05,5302690,7999.0,0.0,294.0,0.0
Africa,Liberia,2022-11-06,5302690,8009.0,10.0,294.0,0.0
Africa,Liberia,2022-11-07,5302690,8009.0,0.0,294.0,0.0
Africa,Liberia,2022-11-08,5302690,8009.0,0.0,294.0,0.0
Africa,Liberia,2022-11-09,5302690,8009.0,0.0,294.0,0.0
Africa,Liberia,2022-11-10,5302690,8009.0,0.0,294.0,0.0
Africa,Liberia,2022-11-11,5302690,8009.0,0.0,294.0,0.0
Africa,Liberia,2022-11-12,5302690,8009.0,0.0,294.0,0.0
Africa,Liberia,2022-11-13,5302690,8014.0,5.0,294.0,0.0
Africa,Liberia,2022-11-14,5302690,8014.0,0.0,294.0,0.0
Africa,Liberia,2022-11-15,5302690,8014.0,0.0,294.0,0.0
Africa,Liberia,2022-11-16,5302690,8014.0,0.0,294.0,0.0
Africa,Liberia,2022-11-17,5302690,8014.0,0.0,294.0,0.0
Africa,Liberia,2022-11-18,5302690,8014.0,0.0,294.0,0.0
Africa,Liberia,2022-11-19,5302690,8014.0,0.0,294.0,0.0
Africa,Liberia,2022-11-20,5302690,8025.0,11.0,294.0,0.0
Africa,Liberia,2022-11-21,5302690,8025.0,0.0,294.0,0.0
Africa,Liberia,2022-11-22,5302690,8025.0,0.0,294.0,0.0
Africa,Liberia,2022-11-23,5302690,8025.0,0.0,294.0,0.0
Africa,Liberia,2022-11-24,5302690,8025.0,0.0,294.0,0.0
Africa,Liberia,2022-11-25,5302690,8025.0,0.0,294.0,0.0
Africa,Liberia,2022-11-26,5302690,8025.0,0.0,294.0,0.0
Africa,Liberia,2022-11-27,5302690,8035.0,10.0,294.0,0.0
Africa,Liberia,2022-11-28,5302690,8035.0,0.0,294.0,0.0
Africa,Liberia,2022-11-29,5302690,8035.0,0.0,294.0,0.0
Africa,Liberia,2022-11-30,5302690,8035.0,0.0,294.0,0.0
Africa,Liberia,2022-12-01,5302690,8035.0,0.0,294.0,0.0
Africa,Liberia,2022-12-02,5302690,8035.0,0.0,294.0,0.0
Africa,Liberia,2022-12-03,5302690,8035.0,0.0,294.0,0.0
Africa,Liberia,2022-12-04,5302690,8043.0,8.0,294.0,0.0
Africa,Liberia,2022-12-05,5302690,8043.0,0.0,294.0,0.0
Africa,Liberia,2022-12-06,5302690,8043.0,0.0,294.0,0.0
Africa,Liberia,2022-12-07,5302690,8043.0,0.0,294.0,0.0
Africa,Liberia,2022-12-08,5302690,8043.0,0.0,294.0,0.0
Africa,Liberia,2022-12-09,5302690,8043.0,0.0,294.0,0.0
Africa,Liberia,2022-12-10,5302690,8043.0,0.0,294.0,0.0
Africa,Liberia,2022-12-11,5302690,8043.0,0.0,294.0,0.0
Africa,Liberia,2022-12-12,5302690,8043.0,0.0,294.0,0.0
Africa,Liberia,2022-12-13,5302690,8043.0,0.0,294.0,0.0
Africa,Liberia,2022-12-14,5302690,8043.0,0.0,294.0,0.0
Africa,Liberia,2022-12-15,5302690,8043.0,0.0,294.0,0.0
Africa,Liberia,2022-12-16,5302690,8043.0,0.0,294.0,0.0
Africa,Liberia,2022-12-17,5302690,8043.0,0.0,294.0,0.0
Africa,Liberia,2022-12-18,5302690,8046.0,3.0,294.0,0.0
Africa,Liberia,2022-12-19,5302690,8046.0,0.0,294.0,0.0
Africa,Liberia,2022-12-20,5302690,8046.0,0.0,294.0,0.0
Africa,Liberia,2022-12-21,5302690,8046.0,0.0,294.0,0.0
Africa,Liberia,2022-12-22,5302690,8046.0,0.0,294.0,0.0
Africa,Liberia,2022-12-23,5302690,8046.0,0.0,294.0,0.0
Africa,Liberia,2022-12-24,5302690,8046.0,0.0,294.0,0.0
Africa,Liberia,2022-12-25,5302690,8050.0,4.0,294.0,0.0
Africa,Liberia,2022-12-26,5302690,8050.0,0.0,294.0,0.0
Africa,Liberia,2022-12-27,5302690,8050.0,0.0,294.0,0.0
Africa,Liberia,2022-12-28,5302690,8050.0,0.0,294.0,0.0
Africa,Liberia,2022-12-29,5302690,8050.0,0.0,294.0,0.0
Africa,Liberia,2022-12-30,5302690,8050.0,0.0,294.0,0.0
Africa,Liberia,2022-12-31,5302690,8050.0,0.0,294.0,0.0
Africa,Liberia,2023-01-01,5302690,8055.0,5.0,294.0,0.0
Africa,Liberia,2023-01-02,5302690,8055.0,0.0,294.0,0.0
Africa,Liberia,2023-01-03,5302690,8055.0,0.0,294.0,0.0
Africa,Liberia,2023-01-04,5302690,8055.0,0.0,294.0,0.0
Africa,Liberia,2023-01-05,5302690,8055.0,0.0,294.0,0.0
Africa,Liberia,2023-01-06,5302690,8055.0,0.0,294.0,0.0
Africa,Liberia,2023-01-07,5302690,8055.0,0.0,294.0,0.0
Africa,Liberia,2023-01-08,5302690,8060.0,5.0,294.0,0.0
Africa,Liberia,2023-01-09,5302690,8060.0,0.0,294.0,0.0
Africa,Liberia,2023-01-10,5302690,8060.0,0.0,294.0,0.0
Africa,Liberia,2023-01-11,5302690,8060.0,0.0,294.0,0.0
Africa,Liberia,2023-01-12,5302690,8060.0,0.0,294.0,0.0
Africa,Liberia,2023-01-13,5302690,8060.0,0.0,294.0,0.0
Africa,Liberia,2023-01-14,5302690,8060.0,0.0,294.0,0.0
Africa,Liberia,2023-01-15,5302690,8060.0,0.0,294.0,0.0
Africa,Liberia,2023-01-16,5302690,8060.0,0.0,294.0,0.0
Africa,Liberia,2023-01-17,5302690,8060.0,0.0,294.0,0.0
Africa,Liberia,2023-01-18,5302690,8060.0,0.0,294.0,0.0
Africa,Liberia,2023-01-19,5302690,8060.0,0.0,294.0,0.0
Africa,Liberia,2023-01-20,5302690,8060.0,0.0,294.0,0.0
Africa,Liberia,2023-01-21,5302690,8060.0,0.0,294.0,0.0
Africa,Liberia,2023-01-22,5302690,8062.0,2.0,294.0,0.0
Africa,Liberia,2023-01-23,5302690,8062.0,0.0,294.0,0.0
Africa,Liberia,2023-01-24,5302690,8062.0,0.0,294.0,0.0
Africa,Liberia,2023-01-25,5302690,8062.0,0.0,294.0,0.0
Africa,Liberia,2023-01-26,5302690,8062.0,0.0,294.0,0.0
Africa,Liberia,2023-01-27,5302690,8062.0,0.0,294.0,0.0
Africa,Liberia,2023-01-28,5302690,8062.0,0.0,294.0,0.0
Africa,Liberia,2023-01-29,5302690,8062.0,0.0,294.0,0.0
Africa,Liberia,2023-01-30,5302690,8062.0,0.0,294.0,0.0
Africa,Liberia,2023-01-31,5302690,8062.0,0.0,294.0,0.0
Africa,Liberia,2023-02-01,5302690,8062.0,0.0,294.0,0.0
Africa,Liberia,2023-02-02,5302690,8062.0,0.0,294.0,0.0
Africa,Liberia,2023-02-03,5302690,8062.0,0.0,294.0,0.0
Africa,Liberia,2023-02-04,5302690,8062.0,0.0,294.0,0.0
Africa,Liberia,2023-02-05,5302690,8077.0,15.0,294.0,0.0
Africa,Liberia,2023-02-06,5302690,8077.0,0.0,294.0,0.0
Africa,Liberia,2023-02-07,5302690,8077.0,0.0,294.0,0.0
Africa,Liberia,2023-02-08,5302690,8077.0,0.0,294.0,0.0
Africa,Liberia,2023-02-09,5302690,8077.0,0.0,294.0,0.0
Africa,Liberia,2023-02-10,5302690,8077.0,0.0,294.0,0.0
Africa,Liberia,2023-02-11,5302690,8077.0,0.0,294.0,0.0
Africa,Liberia,2023-02-12,5302690,8083.0,6.0,294.0,0.0
Africa,Liberia,2023-02-13,5302690,8083.0,0.0,294.0,0.0
Africa,Liberia,2023-02-14,5302690,8083.0,0.0,294.0,0.0
Africa,Liberia,2023-02-15,5302690,8083.0,0.0,294.0,0.0
Africa,Liberia,2023-02-16,5302690,8083.0,0.0,294.0,0.0
Africa,Liberia,2023-02-17,5302690,8083.0,0.0,294.0,0.0
Africa,Liberia,2023-02-18,5302690,8083.0,0.0,294.0,0.0
Africa,Liberia,2023-02-19,5302690,8090.0,7.0,294.0,0.0
Africa,Liberia,2023-02-20,5302690,8090.0,0.0,294.0,0.0
Africa,Liberia,2023-02-21,5302690,8090.0,0.0,294.0,0.0
Africa,Liberia,2023-02-22,5302690,8090.0,0.0,294.0,0.0
Africa,Liberia,2023-02-23,5302690,8090.0,0.0,294.0,0.0
Africa,Liberia,2023-02-24,5302690,8090.0,0.0,294.0,0.0
Africa,Liberia,2023-02-25,5302690,8090.0,0.0,294.0,0.0
Africa,Liberia,2023-02-26,5302690,8090.0,0.0,294.0,0.0
Africa,Liberia,2023-02-27,5302690,8090.0,0.0,294.0,0.0
Africa,Liberia,2023-02-28,5302690,8090.0,0.0,294.0,0.0
Africa,Liberia,2023-03-01,5302690,8090.0,0.0,294.0,0.0
Africa,Liberia,2023-03-02,5302690,8090.0,0.0,294.0,0.0
Africa,Liberia,2023-03-03,5302690,8090.0,0.0,294.0,0.0
Africa,Liberia,2023-03-04,5302690,8090.0,0.0,294.0,0.0
Africa,Liberia,2023-03-05,5302690,8090.0,0.0,294.0,0.0
Africa,Liberia,2023-03-06,5302690,8090.0,0.0,294.0,0.0
Africa,Liberia,2023-03-07,5302690,8090.0,0.0,294.0,0.0
Africa,Liberia,2023-03-08,5302690,8090.0,0.0,294.0,0.0
Africa,Liberia,2023-03-09,5302690,8090.0,0.0,294.0,0.0
Africa,Liberia,2023-03-10,5302690,8090.0,0.0,294.0,0.0
Africa,Liberia,2023-03-11,5302690,8090.0,0.0,294.0,0.0
Africa,Liberia,2023-03-12,5302690,8090.0,0.0,294.0,0.0
Africa,Liberia,2023-03-13,5302690,8090.0,0.0,294.0,0.0
Africa,Liberia,2023-03-14,5302690,8090.0,0.0,294.0,0.0
Africa,Liberia,2023-03-15,5302690,8090.0,0.0,294.0,0.0
Africa,Liberia,2023-03-16,5302690,8090.0,0.0,294.0,0.0
Africa,Liberia,2023-03-17,5302690,8090.0,0.0,294.0,0.0
Africa,Liberia,2023-03-18,5302690,8090.0,0.0,294.0,0.0
Africa,Liberia,2023-03-19,5302690,8090.0,0.0,294.0,0.0
Africa,Liberia,2023-03-20,5302690,8090.0,0.0,294.0,0.0
Africa,Liberia,2023-03-21,5302690,8090.0,0.0,294.0,0.0
Africa,Liberia,2023-03-22,5302690,8090.0,0.0,294.0,0.0
Africa,Liberia,2023-03-23,5302690,8090.0,0.0,294.0,0.0
Africa,Liberia,2023-03-24,5302690,8090.0,0.0,294.0,0.0
Africa,Liberia,2023-03-25,5302690,8090.0,0.0,294.0,0.0
Africa,Liberia,2023-03-26,5302690,8090.0,0.0,294.0,0.0
Africa,Liberia,2023-03-27,5302690,8090.0,0.0,294.0,0.0
Africa,Liberia,2023-03-28,5302690,8090.0,0.0,294.0,0.0
Africa,Liberia,2023-03-29,5302690,8090.0,0.0,294.0,0.0
Africa,Liberia,2023-03-30,5302690,8090.0,0.0,294.0,0.0
Africa,Liberia,2023-03-31,5302690,8090.0,0.0,294.0,0.0
Africa,Liberia,2023-04-01,5302690,8090.0,0.0,294.0,0.0
Africa,Liberia,2023-04-02,5302690,8090.0,0.0,294.0,0.0
Africa,Liberia,2023-04-03,5302690,8090.0,0.0,294.0,0.0
Africa,Liberia,2023-04-04,5302690,8090.0,0.0,294.0,0.0
Africa,Liberia,2023-04-05,5302690,8090.0,0.0,294.0,0.0
Africa,Liberia,2023-04-06,5302690,8090.0,0.0,294.0,0.0
Africa,Liberia,2023-04-07,5302690,8090.0,0.0,294.0,0.0
Africa,Liberia,2023-04-08,5302690,8090.0,0.0,294.0,0.0
Africa,Liberia,2023-04-09,5302690,8090.0,0.0,294.0,0.0
Africa,Liberia,2023-04-10,5302690,8090.0,0.0,294.0,0.0
Africa,Liberia,2023-04-11,5302690,8090.0,0.0,294.0,0.0
Africa,Liberia,2023-04-12,5302690,8090.0,0.0,294.0,0.0
Africa,Liberia,2023-04-13,5302690,8090.0,0.0,294.0,0.0
Africa,Liberia,2023-04-14,5302690,8090.0,0.0,294.0,0.0
Africa,Liberia,2023-04-15,5302690,8090.0,0.0,294.0,0.0
Africa,Liberia,2023-04-16,5302690,8090.0,0.0,294.0,0.0
Africa,Liberia,2023-04-17,5302690,8090.0,0.0,294.0,0.0
Africa,Liberia,2023-04-18,5302690,8090.0,0.0,294.0,0.0
Africa,Liberia,2023-04-19,5302690,8090.0,0.0,294.0,0.0
Africa,Liberia,2023-04-20,5302690,8090.0,0.0,294.0,0.0
Africa,Liberia,2023-04-21,5302690,8090.0,0.0,294.0,0.0
Africa,Liberia,2023-04-22,5302690,8090.0,0.0,294.0,0.0
Africa,Liberia,2023-04-23,5302690,8090.0,0.0,294.0,0.0
Africa,Liberia,2023-04-24,5302690,8090.0,0.0,294.0,0.0
Africa,Liberia,2023-04-25,5302690,8090.0,0.0,294.0,0.0
Africa,Liberia,2023-04-26,5302690,8090.0,0.0,294.0,0.0
Africa,Liberia,2023-04-27,5302690,8090.0,0.0,294.0,0.0
Africa,Liberia,2023-04-28,5302690,8090.0,0.0,294.0,0.0
Africa,Liberia,2023-04-29,5302690,8090.0,0.0,294.0,0.0
Africa,Liberia,2023-04-30,5302690,8090.0,0.0,294.0,0.0
Africa,Liberia,2023-05-01,5302690,8090.0,0.0,294.0,0.0
Africa,Liberia,2023-05-02,5302690,8090.0,0.0,294.0,0.0
Africa,Liberia,2023-05-03,5302690,8090.0,0.0,294.0,0.0
Africa,Liberia,2023-05-04,5302690,8090.0,0.0,294.0,0.0
Africa,Liberia,2023-05-05,5302690,8090.0,0.0,294.0,0.0
Africa,Liberia,2023-05-06,5302690,8090.0,0.0,294.0,0.0
Africa,Liberia,2023-05-07,5302690,8090.0,0.0,294.0,0.0
Africa,Liberia,2023-05-08,5302690,8090.0,0.0,294.0,0.0
Africa,Liberia,2023-05-09,5302690,8090.0,0.0,294.0,0.0
Africa,Liberia,2023-05-10,5302690,8090.0,0.0,294.0,0.0
Africa,Liberia,2023-05-11,5302690,8090.0,0.0,294.0,0.0
Africa,Liberia,2023-05-12,5302690,8090.0,0.0,294.0,0.0
Africa,Liberia,2023-05-13,5302690,8090.0,0.0,294.0,0.0
Africa,Liberia,2023-05-14,5302690,8090.0,0.0,294.0,0.0
Africa,Liberia,2023-05-15,5302690,8090.0,0.0,294.0,0.0
Africa,Liberia,2023-05-16,5302690,8090.0,0.0,294.0,0.0
Africa,Liberia,2023-05-17,5302690,8090.0,0.0,294.0,0.0
Africa,Liberia,2023-05-18,5302690,8090.0,0.0,294.0,0.0
Africa,Liberia,2023-05-19,5302690,8090.0,0.0,294.0,0.0
Africa,Liberia,2023-05-20,5302690,8090.0,0.0,294.0,0.0
Africa,Liberia,2023-05-21,5302690,8090.0,0.0,294.0,0.0
Africa,Liberia,2023-05-22,5302690,8090.0,0.0,294.0,0.0
Africa,Liberia,2023-05-23,5302690,8090.0,0.0,294.0,0.0
Africa,Liberia,2023-05-24,5302690,8090.0,0.0,294.0,0.0
Africa,Liberia,2023-05-25,5302690,8090.0,0.0,294.0,0.0
Africa,Liberia,2023-05-26,5302690,8090.0,0.0,294.0,0.0
Africa,Liberia,2023-05-27,5302690,8090.0,0.0,294.0,0.0
Africa,Liberia,2023-05-28,5302690,8090.0,0.0,294.0,0.0
Africa,Liberia,2023-05-29,5302690,8090.0,0.0,294.0,0.0
Africa,Liberia,2023-05-30,5302690,8090.0,0.0,294.0,0.0
Africa,Liberia,2023-05-31,5302690,8090.0,0.0,294.0,0.0
Africa,Liberia,2023-06-01,5302690,8090.0,0.0,294.0,0.0
Africa,Liberia,2023-06-02,5302690,8090.0,0.0,294.0,0.0
Africa,Liberia,2023-06-03,5302690,8090.0,0.0,294.0,0.0
Africa,Liberia,2023-06-04,5302690,8090.0,0.0,294.0,0.0
Africa,Liberia,2023-06-05,5302690,8090.0,0.0,294.0,0.0
Africa,Liberia,2023-06-06,5302690,8090.0,0.0,294.0,0.0
Africa,Liberia,2023-06-07,5302690,8090.0,0.0,294.0,0.0
Africa,Liberia,2023-06-08,5302690,8090.0,0.0,294.0,0.0
Africa,Liberia,2023-06-09,5302690,8090.0,0.0,294.0,0.0
Africa,Liberia,2023-06-10,5302690,8090.0,0.0,294.0,0.0
Africa,Liberia,2023-06-11,5302690,8090.0,0.0,294.0,0.0
Africa,Liberia,2023-06-12,5302690,8090.0,0.0,294.0,0.0
Africa,Liberia,2023-06-13,5302690,8090.0,0.0,294.0,0.0
Africa,Liberia,2023-06-14,5302690,8090.0,0.0,294.0,0.0
Africa,Liberia,2023-06-15,5302690,8090.0,0.0,294.0,0.0
Africa,Liberia,2023-06-16,5302690,8090.0,0.0,294.0,0.0
Africa,Liberia,2023-06-17,5302690,8090.0,0.0,294.0,0.0
Africa,Liberia,2023-06-18,5302690,8090.0,0.0,294.0,0.0
Africa,Liberia,2023-06-19,5302690,8090.0,0.0,294.0,0.0
Africa,Liberia,2023-06-20,5302690,8090.0,0.0,294.0,0.0
Africa,Liberia,2023-06-21,5302690,8090.0,0.0,294.0,0.0
Africa,Liberia,2023-06-22,5302690,8090.0,0.0,294.0,0.0
Africa,Liberia,2023-06-23,5302690,8090.0,0.0,294.0,0.0
Africa,Liberia,2023-06-24,5302690,8090.0,0.0,294.0,0.0
Africa,Liberia,2023-06-25,5302690,8090.0,0.0,294.0,0.0
Africa,Liberia,2023-06-26,5302690,8090.0,0.0,294.0,0.0
Africa,Liberia,2023-06-27,5302690,8090.0,0.0,294.0,0.0
Africa,Liberia,2023-06-28,5302690,8090.0,0.0,294.0,0.0
Africa,Liberia,2023-06-29,5302690,8090.0,0.0,294.0,0.0
Africa,Liberia,2023-06-30,5302690,8090.0,0.0,294.0,0.0
Africa,Liberia,2023-07-01,5302690,8090.0,0.0,294.0,0.0
Africa,Liberia,2023-07-02,5302690,8090.0,0.0,294.0,0.0
Africa,Liberia,2023-07-03,5302690,8090.0,0.0,294.0,0.0
Africa,Liberia,2023-07-04,5302690,8090.0,0.0,294.0,0.0
Africa,Liberia,2023-07-05,5302690,8090.0,0.0,294.0,0.0
Africa,Liberia,2023-07-06,5302690,8090.0,0.0,294.0,0.0
Africa,Liberia,2023-07-07,5302690,8090.0,0.0,294.0,0.0
Africa,Liberia,2023-07-08,5302690,8090.0,0.0,294.0,0.0
Africa,Liberia,2023-07-09,5302690,8090.0,0.0,294.0,0.0
Africa,Liberia,2023-07-10,5302690,8090.0,0.0,294.0,0.0
Africa,Liberia,2023-07-11,5302690,8090.0,0.0,294.0,0.0
Africa,Liberia,2023-07-12,5302690,8090.0,0.0,294.0,0.0
Africa,Liberia,2023-07-13,5302690,8090.0,0.0,294.0,0.0
Africa,Liberia,2023-07-14,5302690,8090.0,0.0,294.0,0.0
Africa,Liberia,2023-07-15,5302690,8090.0,0.0,294.0,0.0
Africa,Liberia,2023-07-16,5302690,8090.0,0.0,294.0,0.0
Africa,Liberia,2023-07-17,5302690,8090.0,0.0,294.0,0.0
Africa,Liberia,2023-07-18,5302690,8090.0,0.0,294.0,0.0
Africa,Liberia,2023-07-19,5302690,8090.0,0.0,294.0,0.0
Africa,Liberia,2023-07-20,5302690,8090.0,0.0,294.0,0.0
Africa,Liberia,2023-07-21,5302690,8090.0,0.0,294.0,0.0
Africa,Liberia,2023-07-22,5302690,8090.0,0.0,294.0,0.0
Africa,Liberia,2023-07-23,5302690,8090.0,0.0,294.0,0.0
Africa,Liberia,2023-07-24,5302690,8090.0,0.0,294.0,0.0
Africa,Liberia,2023-07-25,5302690,8090.0,0.0,294.0,0.0
Africa,Liberia,2023-07-26,5302690,8090.0,0.0,294.0,0.0
Africa,Liberia,2023-07-27,5302690,8090.0,0.0,294.0,0.0
Africa,Liberia,2023-07-28,5302690,8090.0,0.0,294.0,0.0
Africa,Liberia,2023-07-29,5302690,8090.0,0.0,294.0,0.0
Africa,Liberia,2023-07-30,5302690,8090.0,0.0,294.0,0.0
Africa,Liberia,2023-07-31,5302690,8090.0,0.0,294.0,0.0
Africa,Liberia,2023-08-01,5302690,8090.0,0.0,294.0,0.0
Africa,Liberia,2023-08-02,5302690,8090.0,0.0,294.0,0.0
Africa,Liberia,2023-08-03,5302690,8090.0,0.0,294.0,0.0
Africa,Liberia,2023-08-04,5302690,8090.0,0.0,294.0,0.0
Africa,Liberia,2023-08-05,5302690,8090.0,0.0,294.0,0.0
Africa,Liberia,2023-08-06,5302690,8090.0,0.0,294.0,0.0
Africa,Liberia,2023-08-07,5302690,8090.0,0.0,294.0,0.0
Africa,Liberia,2023-08-08,5302690,8090.0,0.0,294.0,0.0
Africa,Liberia,2023-08-09,5302690,8090.0,0.0,294.0,0.0
Africa,Liberia,2023-08-10,5302690,8090.0,0.0,294.0,0.0
Africa,Liberia,2023-08-11,5302690,8090.0,0.0,294.0,0.0
Africa,Liberia,2023-08-12,5302690,8090.0,0.0,294.0,0.0
Africa,Liberia,2023-08-13,5302690,7930.0,0.0,294.0,0.0
Africa,Liberia,2023-08-14,5302690,7930.0,0.0,294.0,0.0
Africa,Liberia,2023-08-15,5302690,7930.0,0.0,294.0,0.0
Africa,Liberia,2023-08-16,5302690,7930.0,0.0,294.0,0.0
Africa,Liberia,2023-08-17,5302690,7930.0,0.0,294.0,0.0
Africa,Liberia,2023-08-18,5302690,7930.0,0.0,294.0,0.0
Africa,Liberia,2023-08-19,5302690,7930.0,0.0,294.0,0.0
Africa,Liberia,2023-08-20,5302690,7930.0,0.0,294.0,0.0
Africa,Liberia,2023-08-21,5302690,7930.0,0.0,294.0,0.0
Africa,Liberia,2023-08-22,5302690,7930.0,0.0,294.0,0.0
Africa,Liberia,2023-08-23,5302690,7930.0,0.0,294.0,0.0
Africa,Liberia,2023-08-24,5302690,7930.0,0.0,294.0,0.0
Africa,Liberia,2023-08-25,5302690,7930.0,0.0,294.0,0.0
Africa,Liberia,2023-08-26,5302690,7930.0,0.0,294.0,0.0
Africa,Liberia,2023-08-27,5302690,7930.0,0.0,294.0,0.0
Africa,Liberia,2023-08-28,5302690,7930.0,0.0,294.0,0.0
Africa,Liberia,2023-08-29,5302690,7930.0,0.0,294.0,0.0
Africa,Liberia,2023-08-30,5302690,7930.0,0.0,294.0,0.0
Africa,Liberia,2023-08-31,5302690,7930.0,0.0,294.0,0.0
Africa,Liberia,2023-09-01,5302690,7930.0,0.0,294.0,0.0
Africa,Liberia,2023-09-02,5302690,7930.0,0.0,294.0,0.0
Africa,Liberia,2023-09-03,5302690,7930.0,0.0,294.0,0.0
Africa,Liberia,2023-09-04,5302690,7930.0,0.0,294.0,0.0
Africa,Liberia,2023-09-05,5302690,7930.0,0.0,294.0,0.0
Africa,Liberia,2023-09-06,5302690,7930.0,0.0,294.0,0.0
Africa,Liberia,2023-09-07,5302690,7930.0,0.0,294.0,0.0
Africa,Liberia,2023-09-08,5302690,7930.0,0.0,294.0,0.0
Africa,Liberia,2023-09-09,5302690,7930.0,0.0,294.0,0.0
Africa,Liberia,2023-09-10,5302690,7930.0,0.0,294.0,0.0
Africa,Liberia,2023-09-11,5302690,7930.0,0.0,294.0,0.0
Africa,Liberia,2023-09-12,5302690,7930.0,0.0,294.0,0.0
Africa,Liberia,2023-09-13,5302690,7930.0,0.0,294.0,0.0
Africa,Liberia,2023-09-14,5302690,7930.0,0.0,294.0,0.0
Africa,Liberia,2023-09-15,5302690,7930.0,0.0,294.0,0.0
Africa,Liberia,2023-09-16,5302690,7930.0,0.0,294.0,0.0
Africa,Liberia,2023-09-17,5302690,7930.0,0.0,294.0,0.0
Africa,Liberia,2023-09-18,5302690,7930.0,0.0,294.0,0.0
Africa,Liberia,2023-09-19,5302690,7930.0,0.0,294.0,0.0
Africa,Liberia,2023-09-20,5302690,7930.0,0.0,294.0,0.0
Africa,Liberia,2023-09-21,5302690,7930.0,0.0,294.0,0.0
Africa,Liberia,2023-09-22,5302690,7930.0,0.0,294.0,0.0
Africa,Liberia,2023-09-23,5302690,7930.0,0.0,294.0,0.0
Africa,Liberia,2023-09-24,5302690,7930.0,0.0,294.0,0.0
Africa,Liberia,2023-09-25,5302690,7930.0,0.0,294.0,0.0
Africa,Liberia,2023-09-26,5302690,7930.0,0.0,294.0,0.0
Africa,Liberia,2023-09-27,5302690,7930.0,0.0,294.0,0.0
Africa,Liberia,2023-09-28,5302690,7930.0,0.0,294.0,0.0
Africa,Liberia,2023-09-29,5302690,7930.0,0.0,294.0,0.0
Africa,Liberia,2023-09-30,5302690,7930.0,0.0,294.0,0.0
Africa,Liberia,2023-10-01,5302690,7930.0,0.0,294.0,0.0
Africa,Liberia,2023-10-02,5302690,7930.0,0.0,294.0,0.0
Africa,Liberia,2023-10-03,5302690,7930.0,0.0,294.0,0.0
Africa,Liberia,2023-10-04,5302690,7930.0,0.0,294.0,0.0
Africa,Liberia,2023-10-05,5302690,7930.0,0.0,294.0,0.0
Africa,Liberia,2023-10-06,5302690,7930.0,0.0,294.0,0.0
Africa,Liberia,2023-10-07,5302690,7930.0,0.0,294.0,0.0
Africa,Liberia,2023-10-08,5302690,7930.0,0.0,294.0,0.0
Africa,Liberia,2023-10-09,5302690,7930.0,0.0,294.0,0.0
Africa,Liberia,2023-10-10,5302690,7930.0,0.0,294.0,0.0
Africa,Liberia,2023-10-11,5302690,7930.0,0.0,294.0,0.0
Africa,Liberia,2023-10-12,5302690,7930.0,0.0,294.0,0.0
Africa,Liberia,2023-10-13,5302690,7930.0,0.0,294.0,0.0
Africa,Liberia,2023-10-14,5302690,7930.0,0.0,294.0,0.0
Africa,Liberia,2023-10-15,5302690,7930.0,0.0,294.0,0.0
Africa,Liberia,2023-10-16,5302690,7930.0,0.0,294.0,0.0
Africa,Liberia,2023-10-17,5302690,7930.0,0.0,294.0,0.0
Africa,Liberia,2023-10-18,5302690,7930.0,0.0,294.0,0.0
Africa,Liberia,2023-10-19,5302690,7930.0,0.0,294.0,0.0
Africa,Liberia,2023-10-20,5302690,7930.0,0.0,294.0,0.0
Africa,Liberia,2023-10-21,5302690,7930.0,0.0,294.0,0.0
Africa,Liberia,2023-10-22,5302690,7930.0,0.0,294.0,0.0
Africa,Liberia,2023-10-23,5302690,7930.0,0.0,294.0,0.0
Africa,Liberia,2023-10-24,5302690,7930.0,0.0,294.0,0.0
Africa,Liberia,2023-10-25,5302690,7930.0,0.0,294.0,0.0
Africa,Liberia,2023-10-26,5302690,7930.0,0.0,294.0,0.0
Africa,Liberia,2023-10-27,5302690,7930.0,0.0,294.0,0.0
Africa,Liberia,2023-10-28,5302690,7930.0,0.0,294.0,0.0
Africa,Liberia,2023-10-29,5302690,7930.0,0.0,294.0,0.0
Africa,Liberia,2023-10-30,5302690,7930.0,0.0,294.0,0.0
Africa,Liberia,2023-10-31,5302690,7930.0,0.0,294.0,0.0
Africa,Liberia,2023-11-01,5302690,7930.0,0.0,294.0,0.0
Africa,Liberia,2023-11-02,5302690,7930.0,0.0,294.0,0.0
Africa,Liberia,2023-11-03,5302690,7930.0,0.0,294.0,0.0
Africa,Liberia,2023-11-04,5302690,7930.0,0.0,294.0,0.0
Africa,Liberia,2023-11-05,5302690,7930.0,0.0,294.0,0.0
Africa,Liberia,2023-11-06,5302690,7930.0,0.0,294.0,0.0
Africa,Liberia,2023-11-07,5302690,7930.0,0.0,294.0,0.0
Africa,Liberia,2023-11-08,5302690,7930.0,0.0,294.0,0.0
Africa,Liberia,2023-11-09,5302690,7930.0,0.0,294.0,0.0
Africa,Liberia,2023-11-10,5302690,7930.0,0.0,294.0,0.0
Africa,Liberia,2023-11-11,5302690,7930.0,0.0,294.0,0.0
Africa,Liberia,2023-11-12,5302690,7930.0,0.0,294.0,0.0
Africa,Liberia,2023-11-13,5302690,7930.0,0.0,294.0,0.0
Africa,Liberia,2023-11-14,5302690,7930.0,0.0,294.0,0.0
Africa,Liberia,2023-11-15,5302690,7930.0,0.0,294.0,0.0
Africa,Liberia,2023-11-16,5302690,7930.0,0.0,294.0,0.0
Africa,Liberia,2023-11-17,5302690,7930.0,0.0,294.0,0.0
Africa,Liberia,2023-11-18,5302690,7930.0,0.0,294.0,0.0
Africa,Liberia,2023-11-19,5302690,7930.0,0.0,294.0,0.0
Africa,Liberia,2023-11-20,5302690,7930.0,0.0,294.0,0.0
Africa,Liberia,2023-11-21,5302690,7930.0,0.0,294.0,0.0
Africa,Liberia,2023-11-22,5302690,7930.0,0.0,294.0,0.0
Africa,Liberia,2023-11-23,5302690,7930.0,0.0,294.0,0.0
Africa,Liberia,2023-11-24,5302690,7930.0,0.0,294.0,0.0
Africa,Liberia,2023-11-25,5302690,7930.0,0.0,294.0,0.0
Africa,Liberia,2023-11-26,5302690,7930.0,0.0,294.0,0.0
Africa,Liberia,2023-11-27,5302690,7930.0,0.0,294.0,0.0
Africa,Liberia,2023-11-28,5302690,7930.0,0.0,294.0,0.0
Africa,Liberia,2023-11-29,5302690,7930.0,0.0,294.0,0.0
Africa,Liberia,2023-11-30,5302690,7930.0,0.0,294.0,0.0
Africa,Liberia,2023-12-01,5302690,7930.0,0.0,294.0,0.0
Africa,Liberia,2023-12-02,5302690,7930.0,0.0,294.0,0.0
Africa,Liberia,2023-12-03,5302690,7930.0,0.0,294.0,0.0
Africa,Liberia,2023-12-04,5302690,7930.0,0.0,294.0,0.0
Africa,Liberia,2023-12-05,5302690,7930.0,0.0,294.0,0.0
Africa,Liberia,2023-12-06,5302690,7930.0,0.0,294.0,0.0
Africa,Liberia,2023-12-07,5302690,7930.0,0.0,294.0,0.0
Africa,Liberia,2023-12-08,5302690,7930.0,0.0,294.0,0.0
Africa,Liberia,2023-12-09,5302690,7930.0,0.0,294.0,0.0
Africa,Liberia,2023-12-10,5302690,7930.0,0.0,294.0,0.0
Africa,Liberia,2023-12-11,5302690,7930.0,0.0,294.0,0.0
Africa,Liberia,2023-12-12,5302690,7930.0,0.0,294.0,0.0
Africa,Liberia,2023-12-13,5302690,7930.0,0.0,294.0,0.0
Africa,Liberia,2023-12-14,5302690,7930.0,0.0,294.0,0.0
Africa,Liberia,2023-12-15,5302690,7930.0,0.0,294.0,0.0
Africa,Liberia,2023-12-16,5302690,7930.0,0.0,294.0,0.0
Africa,Liberia,2023-12-17,5302690,7930.0,0.0,294.0,0.0
Africa,Liberia,2023-12-18,5302690,7930.0,0.0,294.0,0.0
Africa,Liberia,2023-12-19,5302690,7930.0,0.0,294.0,0.0
Africa,Liberia,2023-12-20,5302690,7930.0,0.0,294.0,0.0
Africa,Liberia,2023-12-21,5302690,7930.0,0.0,294.0,0.0
Africa,Liberia,2023-12-22,5302690,7930.0,0.0,294.0,0.0
Africa,Liberia,2023-12-23,5302690,7930.0,0.0,294.0,0.0
Africa,Liberia,2023-12-24,5302690,7930.0,0.0,294.0,0.0
Africa,Liberia,2023-12-25,5302690,7930.0,0.0,294.0,0.0
Africa,Liberia,2023-12-26,5302690,7930.0,0.0,294.0,0.0
Africa,Liberia,2023-12-27,5302690,7930.0,0.0,294.0,0.0
Africa,Liberia,2023-12-28,5302690,7930.0,0.0,294.0,0.0
Africa,Liberia,2023-12-29,5302690,7930.0,0.0,294.0,0.0
Africa,Liberia,2023-12-30,5302690,7930.0,0.0,294.0,0.0
Africa,Liberia,2023-12-31,5302690,7930.0,0.0,294.0,0.0
Africa,Liberia,2024-01-01,5302690,7930.0,0.0,294.0,0.0
Africa,Liberia,2024-01-02,5302690,7930.0,0.0,294.0,0.0
Africa,Liberia,2024-01-03,5302690,7930.0,0.0,294.0,0.0
Africa,Liberia,2024-01-04,5302690,7930.0,0.0,294.0,0.0
Africa,Liberia,2024-01-05,5302690,7930.0,0.0,294.0,0.0
Africa,Liberia,2024-01-06,5302690,7930.0,0.0,294.0,0.0
Africa,Liberia,2024-01-07,5302690,7930.0,0.0,294.0,0.0
Africa,Liberia,2024-01-08,5302690,7930.0,0.0,294.0,0.0
Africa,Liberia,2024-01-09,5302690,7930.0,0.0,294.0,0.0
Africa,Liberia,2024-01-10,5302690,7930.0,0.0,294.0,0.0
Africa,Liberia,2024-01-11,5302690,7930.0,0.0,294.0,0.0
Africa,Liberia,2024-01-12,5302690,7930.0,0.0,294.0,0.0
Africa,Liberia,2024-01-13,5302690,7930.0,0.0,294.0,0.0
Africa,Liberia,2024-01-14,5302690,7930.0,0.0,294.0,0.0
Africa,Liberia,2024-01-15,5302690,7930.0,0.0,294.0,0.0
Africa,Liberia,2024-01-16,5302690,7930.0,0.0,294.0,0.0
Africa,Liberia,2024-01-17,5302690,7930.0,0.0,294.0,0.0
Africa,Liberia,2024-01-18,5302690,7930.0,0.0,294.0,0.0
Africa,Liberia,2024-01-19,5302690,7930.0,0.0,294.0,0.0
Africa,Liberia,2024-01-20,5302690,7930.0,0.0,294.0,0.0
Africa,Liberia,2024-01-21,5302690,7930.0,0.0,294.0,0.0
Africa,Liberia,2024-01-22,5302690,7930.0,0.0,294.0,0.0
Africa,Liberia,2024-01-23,5302690,7930.0,0.0,294.0,0.0
Africa,Liberia,2024-01-24,5302690,7930.0,0.0,294.0,0.0
Africa,Liberia,2024-01-25,5302690,7930.0,0.0,294.0,0.0
Africa,Liberia,2024-01-26,5302690,7930.0,0.0,294.0,0.0
Africa,Liberia,2024-01-27,5302690,7930.0,0.0,294.0,0.0
Africa,Liberia,2024-01-28,5302690,7930.0,0.0,294.0,0.0
Africa,Liberia,2024-01-29,5302690,7930.0,0.0,294.0,0.0
Africa,Liberia,2024-01-30,5302690,7930.0,0.0,294.0,0.0
Africa,Liberia,2024-01-31,5302690,7930.0,0.0,294.0,0.0
Africa,Liberia,2024-02-01,5302690,7930.0,0.0,294.0,0.0
Africa,Liberia,2024-02-02,5302690,7930.0,0.0,294.0,0.0
Africa,Liberia,2024-02-03,5302690,7930.0,0.0,294.0,0.0
Africa,Liberia,2024-02-04,5302690,7930.0,0.0,294.0,0.0
Africa,Liberia,2024-02-05,5302690,7930.0,0.0,294.0,0.0
Africa,Liberia,2024-02-06,5302690,7930.0,0.0,294.0,0.0
Africa,Liberia,2024-02-07,5302690,7930.0,0.0,294.0,0.0
Africa,Liberia,2024-02-08,5302690,7930.0,0.0,294.0,0.0
Africa,Liberia,2024-02-09,5302690,7930.0,0.0,294.0,0.0
Africa,Liberia,2024-02-10,5302690,7930.0,0.0,294.0,0.0
Africa,Liberia,2024-02-11,5302690,7930.0,0.0,294.0,0.0
Africa,Liberia,2024-02-12,5302690,7930.0,0.0,294.0,0.0
Africa,Liberia,2024-02-13,5302690,7930.0,0.0,294.0,0.0
Africa,Liberia,2024-02-14,5302690,7930.0,0.0,294.0,0.0
Africa,Liberia,2024-02-15,5302690,7930.0,0.0,294.0,0.0
Africa,Liberia,2024-02-16,5302690,7930.0,0.0,294.0,0.0
Africa,Liberia,2024-02-17,5302690,7930.0,0.0,294.0,0.0
Africa,Liberia,2024-02-18,5302690,7930.0,0.0,294.0,0.0
Africa,Liberia,2024-02-19,5302690,7930.0,0.0,294.0,0.0
Africa,Liberia,2024-02-20,5302690,7930.0,0.0,294.0,0.0
Africa,Liberia,2024-02-21,5302690,7930.0,0.0,294.0,0.0
Africa,Liberia,2024-02-22,5302690,7930.0,0.0,294.0,0.0
Africa,Liberia,2024-02-23,5302690,7930.0,0.0,294.0,0.0
Africa,Liberia,2024-02-24,5302690,7930.0,0.0,294.0,0.0
Africa,Liberia,2024-02-25,5302690,7930.0,0.0,294.0,0.0
Africa,Liberia,2024-02-26,5302690,7930.0,0.0,294.0,0.0
Africa,Liberia,2024-02-27,5302690,7930.0,0.0,294.0,0.0
Africa,Liberia,2024-02-28,5302690,7930.0,0.0,294.0,0.0
Africa,Liberia,2024-02-29,5302690,7930.0,0.0,294.0,0.0
Africa,Liberia,2024-03-01,5302690,7930.0,0.0,294.0,0.0
Africa,Liberia,2024-03-02,5302690,7930.0,0.0,294.0,0.0
Africa,Liberia,2024-03-03,5302690,7930.0,0.0,294.0,0.0
Africa,Liberia,2024-03-04,5302690,7930.0,0.0,294.0,0.0
Africa,Liberia,2024-03-05,5302690,7930.0,0.0,294.0,0.0
Africa,Liberia,2024-03-06,5302690,7930.0,0.0,294.0,0.0
Africa,Liberia,2024-03-07,5302690,7930.0,0.0,294.0,0.0
Africa,Liberia,2024-03-08,5302690,7930.0,0.0,294.0,0.0
Africa,Liberia,2024-03-09,5302690,7930.0,0.0,294.0,0.0
Africa,Liberia,2024-03-10,5302690,7930.0,0.0,294.0,0.0
Africa,Liberia,2024-03-11,5302690,7930.0,0.0,294.0,0.0
Africa,Liberia,2024-03-12,5302690,7930.0,0.0,294.0,0.0
Africa,Liberia,2024-03-13,5302690,7930.0,0.0,294.0,0.0
Africa,Liberia,2024-03-14,5302690,7930.0,0.0,294.0,0.0
Africa,Liberia,2024-03-15,5302690,7930.0,0.0,294.0,0.0
Africa,Liberia,2024-03-16,5302690,7930.0,0.0,294.0,0.0
Africa,Liberia,2024-03-17,5302690,7930.0,0.0,294.0,0.0
Africa,Liberia,2024-03-18,5302690,7930.0,0.0,294.0,0.0
Africa,Liberia,2024-03-19,5302690,7930.0,0.0,294.0,0.0
Africa,Liberia,2024-03-20,5302690,7930.0,0.0,294.0,0.0
Africa,Liberia,2024-03-21,5302690,7930.0,0.0,294.0,0.0
Africa,Liberia,2024-03-22,5302690,7930.0,0.0,294.0,0.0
Africa,Liberia,2024-03-23,5302690,7930.0,0.0,294.0,0.0
Africa,Liberia,2024-03-24,5302690,7930.0,0.0,294.0,0.0
Africa,Liberia,2024-03-25,5302690,7930.0,0.0,294.0,0.0
Africa,Liberia,2024-03-26,5302690,7930.0,0.0,294.0,0.0
Africa,Liberia,2024-03-27,5302690,7930.0,0.0,294.0,0.0
Africa,Liberia,2024-03-28,5302690,7930.0,0.0,294.0,0.0
Africa,Liberia,2024-03-29,5302690,7930.0,0.0,294.0,0.0
Africa,Liberia,2024-03-30,5302690,7930.0,0.0,294.0,0.0
Africa,Liberia,2024-03-31,5302690,7930.0,0.0,294.0,0.0
Africa,Liberia,2024-04-01,5302690,7930.0,0.0,294.0,0.0
Africa,Liberia,2024-04-02,5302690,7930.0,0.0,294.0,0.0
Africa,Liberia,2024-04-03,5302690,7930.0,0.0,294.0,0.0
Africa,Liberia,2024-04-04,5302690,7930.0,0.0,294.0,0.0
Africa,Liberia,2024-04-05,5302690,7930.0,0.0,294.0,0.0
Africa,Liberia,2024-04-06,5302690,7930.0,0.0,294.0,0.0
Africa,Liberia,2024-04-07,5302690,7930.0,0.0,294.0,0.0
Africa,Liberia,2024-04-08,5302690,7930.0,0.0,294.0,0.0
Africa,Liberia,2024-04-09,5302690,7930.0,0.0,294.0,0.0
Africa,Liberia,2024-04-10,5302690,7930.0,0.0,294.0,0.0
Africa,Liberia,2024-04-11,5302690,7930.0,0.0,294.0,0.0
Africa,Liberia,2024-04-12,5302690,7930.0,0.0,294.0,0.0
Africa,Liberia,2024-04-13,5302690,7930.0,0.0,294.0,0.0
Africa,Liberia,2024-04-14,5302690,7930.0,0.0,294.0,0.0
Africa,Liberia,2024-04-15,5302690,7930.0,0.0,294.0,0.0
Africa,Liberia,2024-04-16,5302690,7930.0,0.0,294.0,0.0
Africa,Liberia,2024-04-17,5302690,7930.0,0.0,294.0,0.0
Africa,Liberia,2024-04-18,5302690,7930.0,0.0,294.0,0.0
Africa,Liberia,2024-04-19,5302690,7930.0,0.0,294.0,0.0
Africa,Liberia,2024-04-20,5302690,7930.0,0.0,294.0,0.0
Africa,Liberia,2024-04-21,5302690,7930.0,0.0,294.0,0.0
Africa,Liberia,2024-04-22,5302690,7930.0,0.0,294.0,0.0
Africa,Liberia,2024-04-23,5302690,7930.0,0.0,294.0,0.0
Africa,Liberia,2024-04-24,5302690,7930.0,0.0,294.0,0.0
Africa,Liberia,2024-04-25,5302690,7930.0,0.0,294.0,0.0
Africa,Liberia,2024-04-26,5302690,7930.0,0.0,294.0,0.0
Africa,Liberia,2024-04-27,5302690,7930.0,0.0,294.0,0.0
Africa,Liberia,2024-04-28,5302690,7930.0,0.0,294.0,0.0
Africa,Liberia,2024-04-29,5302690,7930.0,0.0,294.0,0.0
Africa,Liberia,2024-04-30,5302690,7930.0,0.0,294.0,0.0
Africa,Liberia,2024-05-01,5302690,7930.0,0.0,294.0,0.0
Africa,Liberia,2024-05-02,5302690,7930.0,0.0,294.0,0.0
Africa,Liberia,2024-05-03,5302690,7930.0,0.0,294.0,0.0
Africa,Liberia,2024-05-04,5302690,7930.0,0.0,294.0,0.0
Africa,Liberia,2024-05-05,5302690,7930.0,0.0,294.0,0.0
Africa,Liberia,2024-05-06,5302690,7930.0,0.0,294.0,0.0
Africa,Liberia,2024-05-07,5302690,7930.0,0.0,294.0,0.0
Africa,Liberia,2024-05-08,5302690,7930.0,0.0,294.0,0.0
Africa,Liberia,2024-05-09,5302690,7930.0,0.0,294.0,0.0
Africa,Liberia,2024-05-10,5302690,7930.0,0.0,294.0,0.0
Africa,Liberia,2024-05-11,5302690,7930.0,0.0,294.0,0.0
Africa,Liberia,2024-05-12,5302690,7930.0,0.0,294.0,0.0
Africa,Liberia,2024-05-13,5302690,7930.0,0.0,294.0,0.0
Africa,Liberia,2024-05-14,5302690,7930.0,0.0,294.0,0.0
Africa,Liberia,2024-05-15,5302690,7930.0,0.0,294.0,0.0
Africa,Liberia,2024-05-16,5302690,7930.0,0.0,294.0,0.0
Africa,Liberia,2024-05-17,5302690,7930.0,0.0,294.0,0.0
Africa,Liberia,2024-05-18,5302690,7930.0,0.0,294.0,0.0
Africa,Liberia,2024-05-19,5302690,7930.0,0.0,294.0,0.0
Africa,Liberia,2024-05-20,5302690,7930.0,0.0,294.0,0.0
Africa,Liberia,2024-05-21,5302690,7930.0,0.0,294.0,0.0
Africa,Liberia,2024-05-22,5302690,7930.0,0.0,294.0,0.0
Africa,Liberia,2024-05-23,5302690,7930.0,0.0,294.0,0.0
Africa,Liberia,2024-05-24,5302690,7930.0,0.0,294.0,0.0
Africa,Liberia,2024-05-25,5302690,7930.0,0.0,294.0,0.0
Africa,Liberia,2024-05-26,5302690,7930.0,0.0,294.0,0.0
Africa,Liberia,2024-05-27,5302690,7930.0,0.0,294.0,0.0
Africa,Liberia,2024-05-28,5302690,7930.0,0.0,294.0,0.0
Africa,Liberia,2024-05-29,5302690,7930.0,0.0,294.0,0.0
Africa,Liberia,2024-05-30,5302690,7930.0,0.0,294.0,0.0
Africa,Liberia,2024-05-31,5302690,7930.0,0.0,294.0,0.0
Africa,Liberia,2024-06-01,5302690,7930.0,0.0,294.0,0.0
Africa,Liberia,2024-06-02,5302690,7930.0,0.0,294.0,0.0
Africa,Liberia,2024-06-03,5302690,7930.0,0.0,294.0,0.0
Africa,Liberia,2024-06-04,5302690,7930.0,0.0,294.0,0.0
Africa,Liberia,2024-06-05,5302690,7930.0,0.0,294.0,0.0
Africa,Liberia,2024-06-06,5302690,7930.0,0.0,294.0,0.0
Africa,Liberia,2024-06-07,5302690,7930.0,0.0,294.0,0.0
Africa,Liberia,2024-06-08,5302690,7930.0,0.0,294.0,0.0
Africa,Liberia,2024-06-09,5302690,7930.0,0.0,294.0,0.0
Africa,Liberia,2024-06-10,5302690,7930.0,0.0,294.0,0.0
Africa,Liberia,2024-06-11,5302690,7930.0,0.0,294.0,0.0
Africa,Liberia,2024-06-12,5302690,7930.0,0.0,294.0,0.0
Africa,Liberia,2024-06-13,5302690,7930.0,0.0,294.0,0.0
Africa,Liberia,2024-06-14,5302690,7930.0,0.0,294.0,0.0
Africa,Liberia,2024-06-15,5302690,7930.0,0.0,294.0,0.0
Africa,Liberia,2024-06-16,5302690,7930.0,0.0,294.0,0.0
Africa,Liberia,2024-06-17,5302690,7930.0,0.0,294.0,0.0
Africa,Liberia,2024-06-18,5302690,7930.0,0.0,294.0,0.0
Africa,Liberia,2024-06-19,5302690,7930.0,0.0,294.0,0.0
Africa,Liberia,2024-06-20,5302690,7930.0,0.0,294.0,0.0
Africa,Liberia,2024-06-21,5302690,7930.0,0.0,294.0,0.0
Africa,Liberia,2024-06-22,5302690,7930.0,0.0,294.0,0.0
Africa,Liberia,2024-06-23,5302690,7930.0,0.0,294.0,0.0
Africa,Liberia,2024-06-24,5302690,7930.0,0.0,294.0,0.0
Africa,Liberia,2024-06-25,5302690,7930.0,0.0,294.0,0.0
Africa,Liberia,2024-06-26,5302690,7930.0,0.0,294.0,0.0
Africa,Liberia,2024-06-27,5302690,7930.0,0.0,294.0,0.0
Africa,Liberia,2024-06-28,5302690,7930.0,0.0,294.0,0.0
Africa,Liberia,2024-06-29,5302690,7930.0,0.0,294.0,0.0
Africa,Liberia,2024-06-30,5302690,7930.0,0.0,294.0,0.0
Africa,Liberia,2024-07-01,5302690,7930.0,0.0,294.0,0.0
Africa,Liberia,2024-07-02,5302690,7930.0,0.0,294.0,0.0
Africa,Liberia,2024-07-03,5302690,7930.0,0.0,294.0,0.0
Africa,Liberia,2024-07-04,5302690,7930.0,0.0,294.0,0.0
Africa,Liberia,2024-07-05,5302690,7930.0,0.0,294.0,0.0
Africa,Liberia,2024-07-06,5302690,7930.0,0.0,294.0,0.0
Africa,Liberia,2024-07-07,5302690,7930.0,0.0,294.0,0.0
Africa,Liberia,2024-07-08,5302690,7930.0,0.0,294.0,0.0
Africa,Liberia,2024-07-09,5302690,7930.0,0.0,294.0,0.0
Africa,Liberia,2024-07-10,5302690,7930.0,0.0,294.0,0.0
Africa,Liberia,2024-07-11,5302690,7930.0,0.0,294.0,0.0
Africa,Liberia,2024-07-12,5302690,7930.0,0.0,294.0,0.0
Africa,Liberia,2024-07-13,5302690,7930.0,0.0,294.0,0.0
Africa,Liberia,2024-07-14,5302690,7930.0,0.0,294.0,0.0
Africa,Liberia,2024-07-15,5302690,7930.0,0.0,294.0,0.0
Africa,Liberia,2024-07-16,5302690,7930.0,0.0,294.0,0.0
Africa,Liberia,2024-07-17,5302690,7930.0,0.0,294.0,0.0
Africa,Liberia,2024-07-18,5302690,7930.0,0.0,294.0,0.0
Africa,Liberia,2024-07-19,5302690,7930.0,0.0,294.0,0.0
Africa,Liberia,2024-07-20,5302690,7930.0,0.0,294.0,0.0
Africa,Liberia,2024-07-21,5302690,7930.0,0.0,294.0,0.0
Africa,Liberia,2024-07-22,5302690,7930.0,0.0,294.0,0.0
Africa,Liberia,2024-07-23,5302690,7930.0,0.0,294.0,0.0
Africa,Liberia,2024-07-24,5302690,7930.0,0.0,294.0,0.0
Africa,Liberia,2024-07-25,5302690,7930.0,0.0,294.0,0.0
Africa,Liberia,2024-07-26,5302690,7930.0,0.0,294.0,0.0
Africa,Liberia,2024-07-27,5302690,7930.0,0.0,294.0,0.0
Africa,Liberia,2024-07-28,5302690,7930.0,0.0,294.0,0.0
Africa,Liberia,2024-07-29,5302690,7930.0,0.0,294.0,0.0
Africa,Liberia,2024-07-30,5302690,7930.0,0.0,294.0,0.0
Africa,Liberia,2024-07-31,5302690,7930.0,0.0,294.0,0.0
Africa,Liberia,2024-08-01,5302690,7930.0,0.0,294.0,0.0
Africa,Liberia,2024-08-02,5302690,7930.0,0.0,294.0,0.0
Africa,Liberia,2024-08-03,5302690,7930.0,0.0,294.0,0.0
Africa,Liberia,2024-08-04,5302690,7930.0,0.0,294.0,0.0
Africa,Liberia,2024-08-05,5302690,7930.022282095294,0.0222820952936025,294.0,0.0
Africa,Liberia,2024-08-06,5302690,7930.043397868897,0.0211157736031269,294.0,0.0
Africa,Liberia,2024-08-07,5302690,7932.850282148807,2.806884279910266,294.0,0.0
Africa,Liberia,2024-08-08,5302690,7932.865642684012,0.0153605352048386,294.0,0.0
Africa,Liberia,2024-08-09,5302690,7932.886430261581,0.0207875775691951,294.0,0.0
Africa,Liberia,2024-08-10,5302690,7935.479288948571,2.5928586869894303,294.0,0.0
Africa,Liberia,2024-08-11,5302690,7935.492951546467,0.0136625978966221,294.0,0.0
Africa,Liberia,2024-08-12,5302690,7935.509906062574,0.0169545161071281,294.0,0.0
Africa,Liberia,2024-08-13,5302690,7938.102420261374,2.5925141988004543,294.0,0.0
Africa,Liberia,2024-08-14,5302690,7942.882406131948,4.779985870573374,294.0,0.0
Africa,Liberia,2024-08-15,5302690,7942.898838737783,0.0164326058352277,294.0,0.0
Africa,Liberia,2024-08-16,5302690,7945.49009291103,2.591254173246459,294.0,0.0
Africa,Liberia,2024-08-17,5302690,7950.84139805658,5.351305145550507,294.0,0.0
Africa,Liberia,2024-08-18,5302690,7950.854381656163,0.0129835995830707,294.0,0.0
Africa,Liberia,2024-08-19,5302690,7953.287308897507,2.432927241343127,294.0,0.0
Africa,Liberia,2024-08-20,5302690,7958.313602305436,5.026293407929714,294.0,0.0
Africa,Liberia,2024-08-21,5302690,7961.834028422187,3.520426116750747,294.0,0.0
Africa,Liberia,2024-08-22,5302690,7964.731247276709,2.897218854521884,294.0,0.0
Africa,Liberia,2024-08-23,5302690,7969.4444036977475,4.713156421039116,294.0,0.0
Africa,Liberia,2024-08-24,5302690,7975.660188719962,6.215785022214743,294.0,0.0
Africa,Liberia,2024-08-25,5302690,7977.8596967516305,2.199508031668111,294.0,0.0
Africa,Liberia,2024-08-26,5302690,7982.249705473761,4.3900087221303234,294.0,0.0
Africa,Liberia,2024-08-27,5302690,7988.131827928189,5.882122454427528,294.0,0.0
Africa,Liberia,2024-08-28,5302690,7994.068580720512,5.936752792323306,294.0,0.0
Africa,Liberia,2024-08-29,5302690,7997.988475257071,3.919894536558976,294.0,0.0
Africa,Liberia,2024-08-30,5302690,8003.3300731388135,5.341597881742895,294.0,0.0
Africa,Liberia,2024-08-31,5302690,8009.153058590975,5.8229854521616495,294.0,0.0
Africa,Liberia,2024-09-01,5302690,8013.102222808563,3.949164217587289,294.0,0.0
Africa,Liberia,2024-09-02,5302690,8017.964990619292,4.862767810729275,294.0,0.0
Africa,Liberia,2024-09-03,5302690,8024.03121883636,6.066228217067752,294.0,0.0
